POP_BEST,POP_AVG,QUALS_CNT,SOL_CNT
351,17.321,0,0
351,295.605,0,0
352,296.556,0,0
410,300.81,0,0
432,303.48,0,0
474,300.707,0,0
474,307.737,0,0
474,308.178,0,0
474,317.876,0,0
474,313.567,0,0
504,322.285,0,0
519,329.882,0,0
536,343.427,0,0
553,354.303,0,0
553,361.963,0,0
558,362.201,0,0
559,366.489,0,0
579,372.18,0,0
579,368.1,0,0
579,378.323,0,0
579,373.677,0,0
580,380.492,0,0
596,386.597,0,0
657,392.616,0,0
660,404.479,0,0
684,411.937,0,0
686,419.007,0,0
689,431.175,0,0
693,436.379,0,0
698,432.151,0,0
699,435.302,0,0
699,439.192,0,0
700,428.141,0,0
810,437.966,0,0
812,463.523,0,0
812,460.416,0,0
813,478.597,0,0
817,466.398,0,0
818,477.649,0,0
825,480.924,0,0
828,500.447,0,0
828,484.786,0,0
832,506.727,0,0
833,515.832,0,0
1000,514.545,1,1
1000,656.609,373,373
1000,672.207,396,396
1000,632.386,340,338
1000,654.483,361,359
1000,651.043,370,367
1000,649.083,352,343
1000,645.227,358,352
1000,659.48,354,350
1000,643.782,351,348
1000,652.264,359,355
1000,649.047,345,333
1000,632.913,342,333
1000,651.671,360,351
1000,644.948,343,332
1000,652.127,350,339
1000,659.052,358,346
1000,657.059,369,357
1000,662.112,366,354
1000,654.454,355,346
1000,656.39,360,349
1000,667.514,379,367
1000,655.174,378,369
1000,657.547,377,362
1000,668.333,395,376
1000,678.091,394,376
1000,675.704,391,377
1000,678.821,398,381
1000,648.657,365,351
1000,671.286,390,380
1000,672.473,389,378
1000,656.104,364,357
1000,665.278,382,377
1000,700.603,449,444
1000,670.841,408,403
1000,666.197,393,389
1000,673.672,412,406
1000,678.259,412,408
1000,668.304,410,401
1000,677.852,406,389
1000,670.008,395,386
1000,673.768,405,396
1000,669.59,395,386
1000,676.586,407,397
1000,681.18,393,382
1000,686.511,416,402
1000,693.058,431,417
1000,662.082,394,382
1000,670.957,414,401
1000,673.884,409,399
1000,688.33,422,414
1000,657.982,390,383
1000,671.779,416,406
1000,660.822,399,391
1000,687.073,414,407
1000,670.582,415,407
1000,665.891,401,392
1000,677.983,410,396
1000,690.46,434,426
1000,674.331,409,401
1000,678.299,417,409
1000,688.765,434,428
1000,686.21,433,428
1000,675.735,401,393
1000,692.082,427,418
1000,700.335,452,442
1000,667.294,405,396
1000,682.578,427,419
1000,666.104,387,382
1000,672.671,417,413
1000,675.914,402,393
1000,683.526,416,410
1000,670.843,398,396
1000,692.406,434,430
1000,672.472,411,407
1000,683.342,420,416
1000,669.757,406,401
1000,695.417,440,437
1000,688.064,416,414
1000,684.663,427,427
1000,690.617,431,431
1000,678.885,425,425
1000,688.762,437,437
1000,671.466,405,405
1000,694.826,446,446
1000,680.889,428,428
1000,691.916,440,440
1000,670.592,407,407
1000,674.517,405,405
1000,685.677,432,432
1000,683.986,424,423
1000,666.442,391,390
1000,680.637,418,417
1000,687.324,421,421
1000,693.443,451,450
1000,683.858,427,424
1000,674.373,390,389
1000,685.511,428,425
1000,697.333,447,446
1000,689.51,441,440
1000,676.329,420,417
1000,662.115,403,400
1000,684.227,421,415
1000,677.606,414,410
1000,684.572,428,422
1000,697.957,447,439
1000,665.577,415,407
1000,685.836,437,429
1000,686.08,435,429
1000,684.399,446,443
1000,668.361,416,409
1000,694.441,438,429
1000,675.749,421,411
1000,675.255,420,409
1000,680.752,451,444
1000,661.963,401,395
1000,691.286,463,455
1000,684.166,423,419
1000,676.222,425,421
1000,689.16,439,433
1000,668.112,412,406
1000,687.128,435,432
1000,677.799,428,425
1000,675.14,413,411
1000,672.528,426,422
1000,695.807,458,451
1000,697.961,447,442
1000,693.711,448,445
1000,679.656,433,427
1000,664.546,420,414
1000,685.874,438,433
1000,667.96,409,404
1000,676.554,417,414
1000,678.401,421,419
1000,679.048,428,426
1000,693.466,463,460
1000,693.5,433,432
1000,716.807,470,469
1000,674.309,415,413
1000,703.308,460,459
1000,700.726,463,463
1000,707.356,459,457
1000,701.393,443,442
1000,684.839,441,441
1000,673.542,422,421
1000,686.392,446,444
1000,699.608,447,446
1000,676.947,432,432
1000,681.036,429,428
1000,688.184,429,428
1000,703.082,460,460
1000,701.879,442,441
1000,688.651,444,443
1000,686.187,430,430
1000,712.528,486,486
1000,694.256,445,445
1000,682.734,438,438
1000,687.083,436,435
1000,676.515,431,431
1000,692.084,441,439
1000,693.328,432,430
1000,689.614,437,434
1000,675.773,424,421
1000,689.258,434,431
1000,701.403,450,445
1000,688.304,447,443
1000,699.283,445,444
1000,695.052,451,449
1000,699.035,444,443
1000,693.005,438,438
1000,685.488,428,426
1000,723.437,477,475
1000,696.84,435,434
1000,685.182,427,423
1000,686.421,432,428
1000,711.795,456,456
1000,702.071,455,454
1000,715.456,470,466
1000,694.487,467,466
1000,700.577,457,457
1000,711.68,464,464
1000,686.972,436,436
1000,691.96,417,417
1000,683.778,444,444
1000,697.804,445,445
1000,716.239,481,480
1000,692.385,437,437
1000,686.971,437,437
1000,693.896,428,428
1000,700.477,452,452
1000,708.987,469,468
1000,703.275,459,457
1000,687.678,415,415
1000,705.268,436,436
1000,693.013,434,433
1000,709.872,471,469
1000,708.482,452,451
1000,705.03,456,454
1000,718.589,486,484
1000,709.287,459,457
1000,715.302,465,463
1000,711.953,460,458
1000,717.828,466,465
1000,717.909,484,480
1000,689.549,432,430
1000,707.13,455,453
1000,706.59,440,436
1000,716.783,452,451
1000,705.389,448,446
1000,701.255,446,442
1000,711.293,466,462
1000,683.995,437,434
1000,712.419,460,458
1000,702.466,455,451
1000,694.072,444,440
1000,713.82,453,449
1000,690.223,442,437
1000,696.638,447,442
1000,710.654,461,459
1000,699.115,440,437
1000,710.15,451,446
1000,694.726,428,422
1000,685.999,424,419
1000,701.834,453,449
1000,714.285,487,482
1000,696.071,441,439
1000,715.368,475,474
1000,703.499,450,448
1000,709.713,451,447
1000,691.477,430,426
1000,691.016,437,434
1000,702.958,438,435
1000,718.738,485,483
1000,692.983,428,428
1000,695.039,443,442
1000,688.848,424,422
1000,692.051,438,437
1000,704.047,443,441
1000,697.351,453,453
1000,722.9,485,485
1000,702.125,439,439
1000,705.08,448,448
1000,694.977,447,447
1000,707.449,474,473
1000,724.939,482,482
1000,700.712,454,452
1000,708.883,466,462
1000,694.405,449,443
1000,696.982,448,443
1000,700.588,447,444
1000,724.394,480,476
1000,682.795,424,422
1000,703.213,465,464
1000,698.808,463,463
1000,686.181,428,426
1000,687.645,435,434
1000,712.761,480,478
1000,684.537,435,435
1000,704.814,456,456
1000,703.278,450,449
1000,704.774,458,458
1000,696.53,453,453
1000,696.763,447,447
1000,688.765,444,444
1000,701.305,462,462
1000,703.392,459,459
1000,721.596,468,468
1000,714.147,468,467
1000,714.812,469,465
1000,694.803,444,438
1000,703.684,456,449
1000,698.306,442,434
1000,715.917,471,463
1000,715.487,463,454
1000,686.719,436,429
1000,724.768,492,485
1000,691.039,433,429
1000,713.883,465,459
1000,727.568,490,484
1000,708.698,462,458
1000,714.089,459,455
1000,707.163,466,464
1000,703.91,473,468
1000,705.148,451,444
1000,703.099,456,451
1000,699.852,447,446
1000,702.678,460,458
1000,709.746,459,455
1000,717.578,493,487
1000,710.184,478,476
1000,709.559,463,462
1000,696.195,443,439
1000,710.216,487,486
1000,723.646,478,478
1000,721.023,473,473
1000,710.161,452,452
1000,698.819,443,442
1000,706.477,452,448
1000,703.061,454,452
1000,722.124,477,475
1000,718.423,481,480
1000,714.357,469,467
1000,714.977,463,460
1000,725.245,484,479
1000,703.219,454,451
1000,698.692,444,441
1000,706.566,441,440
1000,744.683,504,503
1000,714.66,470,466
1000,718.627,478,474
1000,701.084,447,444
1000,705.309,450,449
1000,718.545,480,478
1000,714.295,469,468
1000,714.269,474,473
1000,698.678,444,444
1000,728.974,493,493
1000,714.463,457,457
1000,722.048,485,484
1000,714.425,475,475
1000,704.728,459,459
1000,716.411,477,475
1000,712.835,453,451
1000,700.879,451,450
1000,683.905,415,413
1000,697.127,442,439
1000,703.435,456,455
1000,711.835,469,468
1000,719.611,485,484
1000,716.98,482,482
1000,714.692,492,491
1000,719.78,474,473
1000,709.539,460,459
1000,692.304,454,452
1000,705.667,449,447
1000,697.085,449,449
1000,709.328,455,455
1000,708.565,457,457
1000,712.391,468,467
1000,692.448,430,428
1000,709.321,448,446
1000,715.711,467,466
1000,710.169,473,473
1000,708.169,460,459
1000,709.745,472,471
1000,701.519,444,443
1000,727.976,487,487
1000,705.048,453,453
1000,707.135,461,461
1000,712.621,470,469
1000,697.915,452,449
1000,710.82,457,456
1000,725.077,483,482
1000,714.552,471,470
1000,719.255,481,481
1000,709.506,465,464
1000,699.775,457,457
1000,709.541,462,461
1000,703.066,453,453
1000,687.244,444,443
1000,699.928,454,454
1000,714.715,464,463
1000,723.795,477,476
1000,706.86,466,464
1000,710.136,469,467
1000,695.692,447,446
1000,705.89,479,478
1000,681.467,435,434
1000,704.408,449,446
1000,724.51,475,469
1000,719.271,480,475
1000,705.989,469,466
1000,711.519,464,462
1000,717.068,481,477
1000,706.259,459,454
1000,715.361,467,462
1000,700.727,452,445
1000,710.162,466,454
1000,697.693,428,412
1000,700.655,443,427
1000,711.178,459,433
1000,713.967,474,442
1000,706.899,455,425
1000,694.714,443,416
1000,701.111,464,430
1000,685.087,426,389
1000,699.598,445,408
1000,694.831,453,414
1000,700.016,449,406
1000,707.294,470,429
1000,705.88,457,421
1000,711.259,461,438
1000,699.184,464,437
1000,723.876,484,457
1000,729.937,487,461
1000,702.698,472,443
1000,694.789,449,429
1000,706.501,433,416
1000,698.493,452,435
1000,709.011,465,450
1000,710.342,458,447
1000,718.367,474,466
1000,700.514,458,448
1000,720.301,471,463
1000,708.704,452,441
1000,694.378,458,445
1000,705.424,455,442
1000,693.29,455,446
1000,700.457,448,444
1000,711.016,468,463
1000,699.484,467,463
1000,712.019,472,468
1000,716.469,471,467
1000,707.284,456,451
1000,698.197,438,435
1000,705.687,459,458
1000,709.805,477,475
1000,687.922,446,444
1000,695.708,445,442
1000,699.442,451,450
1000,712.942,474,472
1000,685.19,427,423
1000,693.477,435,434
1000,716.082,477,476
1000,708.66,479,477
1000,695.407,455,454
1000,717.364,477,475
1000,700.269,468,464
1000,712.551,477,474
1000,699.808,442,438
1000,704.353,462,458
1000,704.336,461,456
1000,711.777,471,467
1000,710.214,463,461
1000,708.098,469,466
1000,706.236,455,454
1000,699.615,455,453
1000,682.525,420,420
1000,698.783,465,465
1000,694.389,455,455
1000,692.544,455,455
1000,706.39,471,470
1000,705.401,458,458
1000,703.436,461,461
1000,695.126,452,452
1000,705.562,477,477
1000,716.373,464,464
1000,691.753,442,442
1000,723.399,482,482
1000,700.866,456,456
1000,707.535,462,462
1000,697.479,452,452
1000,715.124,480,480
1000,703.408,476,476
1000,700.353,457,457
1000,693.849,447,447
1000,694.209,462,462
1000,701.088,469,468
1000,693.107,437,437
1000,696.269,461,461
1000,700.338,465,465
1000,702.239,457,457
1000,700.601,468,468
1000,693.048,437,436
1000,705.163,465,464
1000,699.96,474,472
1000,706.28,477,476
1000,717.844,500,498
1000,703.963,459,457
1000,713.727,474,471
1000,732.857,502,500
1000,711.149,482,480
1000,723.596,488,485
1000,709.815,470,465
1000,709.495,477,473
1000,710.305,469,465
1000,733.145,507,497
1000,704.449,461,455
1000,707.302,449,441
1000,692.747,461,449
1000,714.407,474,462
1000,712.201,476,458
1000,707.424,472,459
1000,712.188,466,456
1000,706.041,465,460
1000,703.907,459,452
1000,711.719,477,473
1000,703.017,467,460
1000,692.26,453,445
1000,700.797,473,463
1000,732.073,509,496
1000,708.878,486,479
1000,696.563,467,462
1000,713.466,497,495
1000,711.615,482,482
1000,700.265,451,451
1000,703.543,461,460
1000,705.901,464,464
1000,706.795,488,488
1000,726.998,504,504
1000,691.609,455,454
1000,702.886,477,476
1000,694.338,463,463
1000,691.773,459,459
1000,705.424,473,473
1000,723.923,502,502
1000,690.608,456,456
1000,733.144,511,511
1000,708.951,475,474
1000,687.434,471,470
1000,712.248,487,485
1000,700.979,459,457
1000,715.862,483,481
1000,710.586,476,475
1000,718.886,506,505
1000,711.099,500,500
1000,720.991,497,497
1000,710.191,476,476
1000,727.971,502,502
1000,703.279,479,479
1000,716.141,480,480
1000,711.637,488,488
1000,717.479,486,484
1000,707.811,485,481
1000,701.097,469,464
1000,706.262,475,471
1000,695.373,459,458
1000,727.851,516,515
1000,712.423,487,487
1000,716.278,483,483
1000,714.691,496,496
1000,731.48,500,498
1000,714.291,498,497
1000,714.144,484,483
1000,683.41,452,450
1000,718.418,504,504
1000,701.344,483,483
1000,689.707,461,461
1000,715.313,506,506
1000,699.99,461,460
1000,698.546,473,471
1000,709.279,490,481
1000,693.24,449,444
1000,704.038,473,471
1000,696.699,468,467
1000,690.251,464,463
1000,711.465,489,489
1000,721.222,485,485
1000,709.893,495,495
1000,706.841,486,486
1000,703.169,478,478
1000,705.192,476,476
1000,706.059,500,500
1000,701.249,486,486
1000,713.801,498,498
1000,706.928,477,477
1000,700.286,482,482
1000,703.043,481,481
1000,716.892,477,477
1000,697.182,489,489
1000,701.949,491,491
1000,693.319,481,481
1000,702.622,496,496
1000,693.181,473,473
1000,705.176,491,491
1000,707.914,478,478
1000,703.675,483,483
1000,701.215,471,471
1000,698.161,485,484
1000,699.43,479,477
1000,706.645,499,496
1000,709.661,482,474
1000,709.821,495,485
1000,707.469,485,476
1000,717.283,497,489
1000,729.288,528,518
1000,707.414,492,489
1000,700.504,467,464
1000,703.308,493,491
1000,706.362,492,490
1000,705.952,484,483
1000,711.638,494,492
1000,704.613,498,492
1000,711.928,520,515
1000,720.385,510,504
1000,700.701,479,471
1000,708.512,493,489
1000,699.097,478,469
1000,704.951,486,475
1000,720.118,509,495
1000,704.407,491,475
1000,715.443,493,483
1000,703.938,490,483
1000,714.894,491,481
1000,723.759,510,503
1000,708.496,507,500
1000,710.364,499,491
1000,716.925,522,518
1000,726.951,541,538
1000,715.497,498,497
1000,712.491,491,489
1000,702.771,482,479
1000,712.379,506,502
1000,718.143,507,501
1000,712.58,515,510
1000,713.418,516,513
1000,708.778,509,505
1000,721.788,514,513
1000,728.907,529,526
1000,707.718,505,503
1000,703.543,500,497
1000,699.748,491,488
1000,710.542,512,510
1000,705.584,509,507
1000,714.362,529,529
1000,707.299,504,504
1000,710.427,506,505
1000,719.73,526,525
1000,693.748,473,472
1000,718.153,528,528
1000,716.785,514,514
1000,722.546,517,517
1000,700.978,474,474
1000,712.38,530,530
1000,689.481,478,478
1000,719.909,507,507
1000,695.266,484,483
1000,702.448,499,498
1000,694.15,473,473
1000,699.212,510,510
1000,705.527,496,496
1000,707.897,499,499
1000,730.616,544,544
1000,707.92,494,494
1000,711.249,520,520
1000,713.822,517,517
1000,721.232,513,513
1000,717.363,512,512
1000,718.272,522,521
1000,710.59,513,513
1000,697.237,494,494
1000,715.543,512,512
1000,723.773,527,527
1000,710.885,511,510
1000,702.532,498,494
1000,707.013,503,502
1000,709.1,501,500
1000,701.47,501,501
1000,719.815,525,525
1000,711.008,498,497
1000,705.912,509,508
1000,703.559,503,502
1000,697.963,488,488
1000,749.924,564,564
1000,717.066,521,521
1000,712.668,509,509
1000,707.381,517,517
1000,713.266,516,516
1000,703.312,500,500
1000,707.64,505,505
1000,719.135,505,504
1000,712.408,520,519
1000,716.157,516,515
1000,719.788,522,522
1000,705.87,515,515
1000,701.033,479,479
1000,708.553,498,498
1000,707.306,502,501
1000,727.377,523,522
1000,727.305,533,531
1000,710.318,500,496
1000,721.106,514,508
1000,699.216,496,490
1000,709.958,505,499
1000,718.443,526,524
1000,734.983,531,530
1000,713.117,519,518
1000,720.207,522,522
1000,701.431,489,489
1000,716.562,525,524
1000,720.714,524,524
1000,706.882,509,509
1000,711.553,520,520
1000,714.246,516,516
1000,726.671,527,527
1000,698.7,500,499
1000,704.756,499,498
1000,712.567,514,513
1000,718.191,532,531
1000,716.208,515,513
1000,714.018,497,497
1000,704.846,510,510
1000,722.386,522,522
1000,726.448,524,524
1000,702.829,502,502
1000,719.796,531,531
1000,726.125,529,529
1000,720.881,513,513
1000,705.199,516,516
1000,723.379,530,530
1000,716.685,526,526
1000,725.408,530,530
1000,732.565,543,543
1000,739.045,545,545
1000,721.584,534,534
1000,734.26,543,543
1000,725.623,526,526
1000,716.397,519,519
1000,720.161,515,515
1000,733.576,534,534
1000,742.529,539,539
1000,731.454,538,538
1000,723.602,522,522
1000,725.83,520,520
1000,731.076,536,536
1000,726.898,524,524
1000,721.842,530,530
1000,731.611,537,537
1000,721.012,528,527
1000,732.893,550,548
1000,731.485,538,537
1000,723.92,521,521
1000,721.677,533,532
1000,727.68,536,535
1000,732.99,540,540
1000,745.912,535,534
1000,722.992,539,538
1000,725.924,524,524
1000,729.085,522,522
1000,759.807,566,566
1000,736.113,532,532
1000,734.717,551,551
1000,734.518,533,533
1000,745.314,541,541
1000,732.042,532,531
1000,740.078,544,542
1000,756.617,569,567
1000,735.101,545,542
1000,723.361,512,509
1000,728.241,527,526
1000,719.581,508,508
1000,723.987,525,525
1000,724.896,518,518
1000,750.645,559,557
1000,751.136,558,554
1000,739.911,542,537
1000,720.549,504,502
1000,737.24,531,530
1000,752.026,560,560
1000,727.991,534,534
1000,721.765,527,527
1000,757.026,549,549
1000,737.374,543,542
1000,750.728,559,557
1000,747.786,557,557
1000,737.975,552,552
1000,744.047,548,547
1000,742.49,551,550
1000,738.108,538,536
1000,738.689,543,541
1000,726.439,511,510
1000,736.112,524,522
1000,740.551,550,547
1000,752.177,553,548
1000,743.755,547,545
1000,751.165,561,554
1000,752.937,562,557
1000,742.712,532,526
1000,733.957,539,530
1000,744.957,555,546
1000,735.956,530,524
1000,744.863,554,552
1000,746.778,544,541
1000,744.022,538,535
1000,731.721,522,516
1000,744.779,549,542
1000,739.3,532,527
1000,736.138,519,516
1000,750.889,553,548
1000,745.415,545,544
1000,740.318,541,536
1000,741.119,543,538
1000,748.096,546,541
1000,733.11,517,513
1000,735.077,516,511
1000,737.257,534,528
1000,724.057,508,503
1000,759.485,567,561
1000,749.629,554,547
1000,741.267,537,535
1000,735.214,534,528
1000,751.038,548,543
1000,726.183,521,518
1000,749.579,555,553
1000,742.379,544,541
1000,750.853,552,549
1000,737.085,524,519
1000,762.481,568,561
1000,758.519,572,566
1000,745.353,546,537
1000,739.898,563,554
1000,752.141,567,555
1000,747.735,542,533
1000,756.109,576,567
1000,743.653,550,537
1000,767.49,574,561
1000,750.477,569,553
1000,750.942,556,545
1000,765.856,589,577
1000,743.303,548,533
1000,740.301,564,554
1000,746.221,543,535
1000,752.673,575,571
1000,749.334,560,556
1000,738.78,548,545
1000,725.89,542,536
1000,740.461,550,544
1000,743.853,544,540
1000,740.507,552,546
1000,747.786,558,549
1000,736.225,532,527
1000,754.775,568,560
1000,735.04,537,530
1000,740.679,552,538
1000,757.12,551,540
1000,731.443,533,523
1000,757.397,570,558
1000,720.069,508,495
1000,760.86,568,556
1000,742.936,546,540
1000,738.526,549,546
1000,759.925,566,564
1000,740.801,532,532
1000,757.023,561,561
1000,746.629,559,559
1000,739.816,546,546
1000,741.004,539,537
1000,755.87,567,564
1000,741.019,539,538
1000,780.68,602,601
1000,726.079,526,523
1000,747.737,548,546
1000,745.667,559,556
1000,745.145,555,549
1000,756.995,567,561
1000,716.744,524,521
1000,752.48,557,552
1000,746.683,536,533
1000,746.181,541,537
1000,745.661,555,551
1000,741.758,535,531
1000,742.763,550,549
1000,738.985,542,542
1000,750.404,562,562
1000,745.195,561,560
1000,747.392,559,557
1000,742.446,544,543
1000,753.581,565,565
1000,744.172,548,548
1000,749.823,553,553
1000,737.061,533,533
1000,744.843,554,554
1000,732.642,534,534
1000,748.116,553,553
1000,756.389,574,574
1000,740.742,541,541
1000,747.1,556,556
1000,760.799,575,574
1000,750.376,550,549
1000,772.507,574,573
1000,749.997,550,549
1000,746.407,544,541
1000,731.358,534,533
1000,736.702,535,535
1000,747.688,549,549
1000,738.169,539,539
1000,727.008,519,518
1000,755.921,558,558
1000,742.891,531,531
1000,745.662,558,558
1000,735.439,525,525
1000,742.513,539,539
1000,741.553,539,539
1000,723.736,526,525
1000,745.68,546,543
1000,754.415,568,565
1000,754.501,570,566
1000,744.261,554,547
1000,753.008,560,552
1000,756.617,568,559
1000,735.793,548,541
1000,758.97,586,580
1000,733.535,532,528
1000,747.49,557,555
1000,739.165,542,538
1000,749.636,561,557
1000,740.123,544,540
1000,746.069,536,531
1000,750.674,557,553
1000,724.775,512,509
1000,749.823,552,548
1000,742.259,534,530
1000,730.167,523,522
1000,752.433,542,542
1000,738.778,530,530
1000,756.696,569,569
1000,748.12,553,553
1000,771.582,577,577
1000,739.827,544,544
1000,752.834,571,571
1000,733.556,537,536
1000,763.253,567,567
1000,736.585,530,529
1000,746.373,552,551
1000,746.108,561,558
1000,731.547,529,526
1000,740.342,539,536
1000,760.814,574,572
1000,749.723,563,560
1000,763.21,572,569
1000,746.885,550,544
1000,715.292,504,501
1000,755.829,567,565
1000,743.519,549,548
1000,753.799,553,553
1000,736.141,545,545
1000,752.037,554,553
1000,743.567,557,557
1000,751.033,563,562
1000,740.839,541,539
1000,750.381,552,550
1000,742.074,540,537
1000,735.579,526,518
1000,730.533,532,524
1000,728.607,515,510
1000,745.279,545,541
1000,741.434,548,542
1000,750.103,543,536
1000,729.215,524,519
1000,740.293,534,532
1000,768.479,571,566
1000,749.513,554,547
1000,752.829,557,551
1000,745.248,549,541
1000,750.143,571,567
1000,748.151,557,553
1000,757.816,573,571
1000,754.817,564,563
1000,737.415,515,514
1000,754.641,566,564
1000,733.007,535,534
1000,750.225,544,544
1000,743.127,545,545
1000,734.056,530,529
1000,736.339,541,538
1000,746.237,564,559
1000,742.387,561,558
1000,728.823,517,517
1000,735.78,539,539
1000,734.752,535,535
1000,739.293,547,547
1000,739.371,547,547
1000,726.574,518,517
1000,733.419,527,524
1000,731.855,518,517
1000,738.116,535,532
1000,749.687,558,557
1000,743.47,548,547
1000,730.622,532,531
1000,757.273,564,563
1000,737.941,527,525
1000,730.198,532,529
1000,734.623,540,536
1000,723.358,515,514
1000,744.112,546,544
1000,739.95,544,541
1000,728.172,535,534
1000,743.366,544,542
1000,748.486,554,553
1000,746.376,557,556
1000,753.669,566,564
1000,747.42,553,549
1000,737.884,556,552
1000,737.03,530,524
1000,737.681,531,521
1000,742.859,538,532
1000,714.578,512,505
1000,746.458,541,534
1000,717.923,500,488
1000,744.635,545,536
1000,748.87,534,518
1000,754.569,542,524
1000,757.277,554,538
1000,744.199,550,529
1000,717.778,522,505
1000,746.558,543,532
1000,754.464,562,549
1000,758.451,566,553
1000,736.944,540,529
1000,740.809,539,534
1000,728.766,517,513
1000,741.307,538,532
1000,751.967,555,549
1000,747.158,543,536
1000,747.912,559,552
1000,746.962,552,547
1000,740.009,557,554
1000,747.912,544,543
1000,739.802,552,552
1000,738.477,544,544
1000,756.039,573,572
1000,743.592,532,530
1000,763.035,560,558
1000,749.566,563,561
1000,754.866,579,575
1000,746.845,563,558
1000,740.938,550,544
1000,754.201,550,546
1000,751.63,568,566
1000,759.334,570,569
1000,731.006,526,522
1000,745.399,558,554
1000,734.93,528,526
1000,734.359,537,536
1000,717.024,512,510
1000,750.836,556,556
1000,746.618,558,557
1000,759.253,561,559
1000,747.815,553,551
1000,762.629,577,573
1000,744.164,549,539
1000,760.021,577,568
1000,747.559,550,542
1000,745.339,553,551
1000,737.553,541,541
1000,739.346,550,550
1000,731.562,541,541
1000,733.177,523,523
1000,756.755,553,553
1000,743.58,526,526
1000,731.613,519,519
1000,760.638,583,582
1000,742.567,550,548
1000,765.534,580,579
1000,716.28,527,527
1000,771.531,586,586
1000,767.424,588,587
1000,747.659,560,559
1000,750.858,555,553
1000,740.903,553,550
1000,746.895,544,543
1000,759.824,571,570
1000,733.053,531,530
1000,742.427,552,551
1000,741.614,536,535
1000,752.712,554,553
1000,749.561,548,546
1000,763.049,573,571
1000,736.285,546,544
1000,732.815,533,531
1000,739.935,549,546
1000,734.033,538,537
1000,740.515,539,538
1000,738.776,552,552
1000,753.456,551,550
1000,753.055,558,558
1000,756.526,560,558
1000,739.7,554,552
1000,750.724,561,558
1000,739.313,542,541
1000,732.102,538,536
1000,727.762,515,510
1000,748.347,556,548
1000,724.469,521,514
1000,754.623,571,563
1000,755.302,559,551
1000,762.742,576,568
1000,738.127,548,539
1000,742.418,545,533
1000,743.519,542,530
1000,761.068,567,556
1000,752.42,558,551
1000,756.373,553,543
1000,763.785,573,566
1000,738.711,548,544
1000,746.4,538,534
1000,749.635,553,549
1000,749.65,550,544
1000,752.796,558,549
1000,754.775,561,553
1000,743.51,545,541
1000,743.962,545,541
1000,735.431,520,515
1000,740.275,531,528
1000,736.23,541,538
1000,727.965,515,514
1000,746.775,542,540
1000,741.677,549,548
1000,763.856,577,574
1000,730.45,532,530
1000,739.788,549,546
1000,758.55,552,548
1000,749.453,544,539
1000,738.272,530,526
1000,749.047,546,540
1000,739.689,535,530
1000,733.502,520,511
1000,737.873,557,546
1000,727.445,518,510
1000,734.006,533,526
1000,747.774,556,550
1000,737.079,545,542
1000,735.207,534,532
1000,734.171,532,531
1000,749.64,561,560
1000,741.356,539,536
1000,748.971,542,540
1000,733.873,526,523
1000,717.203,508,504
1000,744.356,546,543
1000,744.368,542,538
1000,737.888,530,527
1000,750.303,552,547
1000,753.275,556,553
1000,745.604,541,539
1000,733.614,538,534
1000,733.67,537,531
1000,744.608,555,550
1000,754.073,563,557
1000,754.793,570,563
1000,760.408,573,565
1000,741.382,540,532
1000,738.96,545,536
1000,752.182,560,550
1000,766.7,575,569
1000,718.53,522,517
1000,758.19,574,571
1000,742.911,537,530
1000,761.977,579,570
1000,753.445,567,557
1000,747.532,560,555
1000,756.163,570,564
1000,752.059,565,557
1000,751.043,563,554
1000,734.936,541,534
1000,754.517,569,559
1000,733.602,537,526
1000,753.546,579,567
1000,735.101,536,525
1000,747.734,565,556
1000,734.712,530,521
1000,751.452,563,559
1000,756.713,567,563
1000,734.376,545,545
1000,762.431,576,575
1000,753.082,558,558
1000,751.497,565,565
1000,744.122,550,549
1000,729.593,535,534
1000,756.219,562,560
1000,761.948,572,568
1000,733.285,525,520
1000,751.35,565,561
1000,748.602,567,563
1000,727.298,535,533
1000,745.685,553,552
1000,757.53,575,572
1000,739.564,549,546
1000,747.281,569,564
1000,735.35,544,540
1000,720.043,523,521
1000,755.651,572,569
1000,740.772,546,542
1000,739.581,543,540
1000,748.706,552,548
1000,744.2,556,546
1000,739.629,547,537
1000,733.929,534,527
1000,745.46,559,554
1000,743.737,553,547
1000,751.845,572,567
1000,731.186,535,531
1000,744.712,559,555
1000,748.985,557,552
1000,726.063,538,535
1000,725.774,532,532
1000,738.401,539,537
1000,730.452,545,542
1000,754.382,561,556
1000,742.582,542,536
1000,748.785,542,537
1000,734.694,543,536
1000,736.134,539,528
1000,724.872,527,518
1000,740.208,542,535
1000,734.588,540,533
1000,731.242,539,528
1000,747.662,552,539
1000,756.937,563,552
1000,744.092,554,545
1000,756.212,576,570
1000,763.2,564,559
1000,735.659,536,528
1000,737.134,539,533
1000,740.706,543,533
1000,760.26,563,553
1000,725.668,529,522
1000,740.354,540,535
1000,753.061,559,551
1000,747.073,548,541
1000,756.475,575,568
1000,748.08,560,554
1000,744.759,552,545
1000,740.446,545,539
1000,751.52,555,550
1000,755.085,572,565
1000,722.977,528,522
1000,758.548,580,569
1000,745.553,566,553
1000,732.072,541,533
1000,733.862,541,536
1000,728.201,529,522
1000,729.083,523,512
1000,745.028,552,545
1000,755.327,569,556
1000,755.365,563,551
1000,750.862,565,549
1000,737.944,543,532
1000,732.857,529,518
1000,735.562,530,520
1000,724.474,517,506
1000,738.158,538,525
1000,717.47,508,497
1000,756.158,567,552
1000,720.435,512,495
1000,740.717,560,540
1000,738.272,536,515
1000,739,543,522
1000,750.107,559,538
1000,737.533,549,526
1000,746.858,560,537
1000,745.095,553,530
1000,749.697,563,542
1000,750.353,556,542
1000,746.588,550,533
1000,727.191,523,509
1000,730.599,528,516
1000,750.003,559,548
1000,753.212,561,548
1000,739.874,541,530
1000,733.136,535,526
1000,741.818,543,538
1000,749.217,563,556
1000,755.461,568,559
1000,732.862,533,520
1000,749.613,559,547
1000,757.801,557,543
1000,737.727,549,533
1000,738.319,551,526
1000,752.028,568,548
1000,747.149,562,537
1000,747.375,547,525
1000,763.223,586,566
1000,747.488,542,529
1000,732.802,535,518
1000,750.69,557,537
1000,745.848,553,527
1000,737.598,562,537
1000,747.018,561,530
1000,735.252,534,509
1000,751.076,558,535
1000,743.219,560,528
1000,719.467,519,488
1000,752.152,578,547
1000,737.545,548,520
1000,745.067,551,514
1000,762.452,561,519
1000,740.082,544,506
1000,720.072,521,486
1000,738.619,539,514
1000,738.836,554,531
1000,760.575,577,545
1000,736.818,550,528
1000,749.796,547,527
1000,735.503,544,521
1000,743.281,555,522
1000,750.589,562,523
1000,741.351,552,513
1000,736.315,553,517
1000,739.28,540,504
1000,737.146,556,525
1000,755.59,582,568
1000,725.48,534,521
1000,743.264,552,535
1000,749.995,551,534
1000,752.603,570,551
1000,746.258,561,528
1000,743.336,556,538
1000,735.322,537,521
1000,736.803,541,527
1000,734.556,552,538
1000,746.009,566,551
1000,733.183,546,534
1000,733.747,547,536
1000,709.678,521,514
1000,743.364,566,557
1000,738.989,549,542
1000,737.25,545,538
1000,726.938,524,520
1000,745.521,559,554
1000,738.086,550,543
1000,731.526,542,533
1000,743.185,546,533
1000,739.794,546,533
1000,737.751,552,535
1000,763.837,590,571
1000,751.393,566,550
1000,752.33,572,553
1000,748.406,579,563
1000,751.719,570,554
1000,737.445,558,539
1000,731.345,548,531
1000,737.845,546,536
1000,740.046,560,551
1000,748.231,562,548
1000,748.349,559,546
1000,731.785,536,525
1000,728.164,530,516
1000,720.45,524,508
1000,716.134,528,512
1000,739.242,550,525
1000,742.668,565,539
1000,736.499,557,525
1000,732.074,546,517
1000,721.932,539,520
1000,731.447,553,538
1000,728.342,544,529
1000,734.38,552,534
1000,723.89,532,512
1000,733.084,544,523
1000,739.261,562,539
1000,734.617,554,534
1000,751.411,574,554
1000,728.046,541,518
1000,742.842,563,538
1000,740.892,572,549
1000,747.847,567,539
1000,736.076,552,532
1000,736.926,538,513
1000,718.001,517,495
1000,736.662,553,526
1000,729.54,535,502
1000,729.652,549,516
1000,727.121,540,509
1000,744.783,569,535
1000,731.78,546,516
1000,745.739,555,531
1000,747.926,561,540
1000,743.18,552,523
1000,737.176,547,520
1000,744.205,558,535
1000,738.731,542,528
1000,738.196,559,543
1000,735.144,547,524
1000,743.489,567,548
1000,736.994,543,526
1000,736.504,557,537
1000,744.744,551,534
1000,739.722,559,546
1000,718.438,523,514
1000,740.629,562,556
1000,738.206,570,566
1000,710.479,508,506
1000,742.578,560,560
1000,734.219,554,551
1000,740.802,547,543
1000,718.96,524,518
1000,740.598,563,551
1000,714.219,530,517
1000,755.458,577,563
1000,726.428,543,532
1000,724.99,529,519
1000,745.404,567,554
1000,730.446,540,524
1000,702.838,502,489
1000,741.205,561,545
1000,732.801,558,545
1000,726.74,524,516
1000,743.467,546,536
1000,754.59,564,548
1000,704.145,516,499
1000,720.144,535,522
1000,739.613,553,541
1000,730.74,538,528
1000,725.886,530,512
1000,718.574,533,519
1000,736.143,544,533
1000,740.157,557,541
1000,739.642,567,561
1000,740.671,540,531
1000,725.507,541,533
1000,729.462,543,537
1000,727.132,531,522
1000,759.464,579,572
1000,748.999,550,544
1000,737.595,553,546
1000,746.289,568,562
1000,737.833,556,549
1000,749.767,564,556
1000,736.026,553,548
1000,748.859,561,555
1000,741.509,571,568
1000,736.197,554,551
1000,733.158,554,551
1000,736.287,537,536
1000,707.99,501,501
1000,750.493,573,573
1000,734.602,535,534
1000,735.121,544,541
1000,733.1,541,537
1000,741.517,542,540
1000,728.902,538,537
1000,756.18,585,585
1000,753.25,571,570
1000,741.428,556,556
1000,750.684,574,574
1000,746.122,564,564
1000,734.905,546,546
1000,755.393,581,581
1000,748.983,570,568
1000,753.948,571,571
1000,748.84,575,575
1000,749.974,562,562
1000,743.703,561,561
1000,737.233,555,555
1000,752.41,572,570
1000,735.825,557,556
1000,740.107,554,553
1000,742.402,555,554
1000,739.251,557,556
1000,732.61,536,536
1000,742.041,571,571
1000,752.886,562,562
1000,742.029,557,557
1000,749.811,577,577
1000,750.731,572,572
1000,745.897,564,564
1000,744.003,552,552
1000,733.139,540,540
1000,734.234,542,542
1000,726.367,527,525
1000,753.509,550,549
1000,751.553,568,566
1000,714.056,520,518
1000,733.049,550,549
1000,744.159,565,564
1000,746.021,560,560
1000,737.425,557,555
1000,729.706,543,542
1000,740.092,559,558
1000,730.497,539,537
1000,721.683,524,521
1000,744.981,564,561
1000,754.348,577,574
1000,734.264,544,543
1000,731.176,530,529
1000,720.353,522,521
1000,739.13,552,551
1000,729.604,528,525
1000,723.522,537,536
1000,762.842,583,583
1000,722.321,528,528
1000,739.136,557,557
1000,734.997,550,550
1000,739.773,538,537
1000,743.336,554,552
1000,729.665,542,541
1000,745.289,550,548
1000,741.756,552,552
1000,736.256,543,543
1000,753.676,552,552
1000,713.21,520,520
1000,734.088,537,537
1000,751.729,553,553
1000,715.506,515,515
1000,732.927,534,534
1000,716.515,529,529
1000,730.554,539,539
1000,729.782,546,546
1000,749.632,561,561
1000,758.039,575,574
1000,738.133,546,546
1000,737.387,552,551
1000,734.558,543,541
1000,738.262,542,541
1000,734.386,533,532
1000,728.489,542,542
1000,724.493,518,518
1000,719.382,524,524
1000,739.649,547,547
1000,744.842,567,567
1000,743.745,537,537
1000,737.238,552,551
1000,738.204,542,541
1000,744.055,547,546
1000,733.297,551,550
1000,743.462,570,568
1000,737.91,545,543
1000,731.257,548,544
1000,729.216,533,529
1000,741.341,565,555
1000,732.352,535,530
1000,746.894,543,538
1000,731.169,537,533
1000,745.679,555,549
1000,730.828,541,536
1000,722.779,536,530
1000,735.182,542,540
1000,749.436,556,550
1000,728.841,534,531
1000,707.566,499,497
1000,749.465,564,561
1000,746.833,558,557
1000,735.146,553,552
1000,722.161,539,539
1000,726.353,546,544
1000,729.035,542,540
1000,729.664,542,540
1000,739.714,556,553
1000,743.431,566,562
1000,744.057,574,571
1000,727.41,521,521
1000,731.595,545,544
1000,746.681,557,555
1000,740.279,556,555
1000,750.259,571,568
1000,763.072,585,581
1000,764.368,589,586
1000,736.493,553,552
1000,733.768,542,542
1000,724.703,538,538
1000,761.867,577,577
1000,743.338,541,540
1000,732.967,541,540
1000,754.202,561,558
1000,750.814,571,568
1000,761.297,583,579
1000,750.733,576,575
1000,739.759,560,557
1000,742.288,557,551
1000,736.234,546,542
1000,748.752,572,566
1000,749.951,577,573
1000,743.678,560,556
1000,727.773,543,541
1000,744.231,557,555
1000,717.486,540,540
1000,736.824,552,552
1000,706.843,517,516
1000,748.907,556,555
1000,747.849,562,561
1000,727.703,537,537
1000,735.153,552,550
1000,730.126,553,553
1000,739.241,548,547
1000,736.984,556,555
1000,726.147,543,540
1000,743.48,561,552
1000,724.381,544,538
1000,737.885,564,559
1000,736.605,552,544
1000,745.632,563,556
1000,735.022,553,547
1000,742.573,557,548
1000,728.133,544,541
1000,725.923,535,528
1000,747.072,565,557
1000,752.008,571,564
1000,714.419,513,506
1000,733.996,536,534
1000,748.301,571,566
1000,722.899,530,525
1000,733.69,534,528
1000,765.564,594,581
1000,736.858,545,529
1000,753.811,563,545
1000,745.611,571,551
1000,759.314,587,570
1000,734.5,537,521
1000,738.043,560,535
1000,722.104,535,506
1000,745.22,560,538
1000,742.564,569,547
1000,739.868,569,548
1000,738.097,555,534
1000,720.87,518,503
1000,746.454,574,559
1000,737.574,560,547
1000,738.934,562,552
1000,737.694,560,551
1000,727.094,536,526
1000,737.515,544,535
1000,719.003,534,527
1000,742.976,550,544
1000,737.43,553,546
1000,735.429,538,527
1000,717.281,518,510
1000,740.038,551,544
1000,713.097,529,523
1000,734.514,543,541
1000,727.565,550,550
1000,721.683,538,537
1000,739.003,554,551
1000,709.189,530,527
1000,745.66,554,554
1000,746.063,574,574
1000,725.253,541,539
1000,744.942,565,565
1000,717.625,526,526
1000,714.088,522,522
1000,740.35,573,572
1000,738.544,553,550
1000,713.78,531,529
1000,749.457,574,572
1000,748.859,572,569
1000,719.772,522,519
1000,744.052,564,557
1000,718.156,536,531
1000,751.075,566,561
1000,739.167,572,569
1000,717.851,533,530
1000,731.89,556,555
1000,742.061,559,557
1000,730.176,541,537
1000,731.68,537,533
1000,719.17,525,519
1000,726.185,534,530
1000,739.27,563,558
1000,733.104,548,543
1000,724.369,525,518
1000,740.761,567,556
1000,725.071,539,529
1000,730.089,542,538
1000,738.47,549,545
1000,733.319,550,548
1000,715.214,536,530
1000,746.332,575,573
1000,732.371,540,535
1000,743.8,563,561
1000,754.545,577,575
1000,735.278,563,559
1000,736.636,554,547
1000,736.175,551,539
1000,717.946,530,519
1000,726.15,548,540
1000,761.139,598,582
1000,741.712,556,546
1000,735.281,554,546
1000,732.029,543,531
1000,735.606,564,555
1000,731.736,541,535
1000,736.437,558,550
1000,740.586,565,554
1000,740.78,561,547
1000,734.228,555,544
1000,742.372,570,561
1000,744.367,570,558
1000,737.301,568,560
1000,735.911,560,556
1000,740.425,552,549
1000,748.535,567,564
1000,749.61,580,577
1000,745.955,583,576
1000,757.813,584,579
1000,740.352,566,564
1000,728.736,560,557
1000,763.847,602,601
1000,732.278,535,531
1000,732.472,547,545
1000,727.989,537,534
1000,740.893,555,551
1000,751.873,575,572
1000,743.406,554,548
1000,746.227,578,572
1000,749.053,578,571
1000,737.741,566,557
1000,747.722,576,568
1000,738.639,555,548
1000,729.776,546,535
1000,749.305,561,550
1000,747.996,578,571
1000,730.011,541,536
1000,739.03,550,544
1000,749.411,571,566
1000,735.102,562,556
1000,743.848,583,575
1000,740.279,544,538
1000,743.354,563,559
1000,731.945,551,547
1000,729.41,539,535
1000,735.174,547,546
1000,699.506,503,503
1000,732.371,561,561
1000,727.48,540,539
1000,738.447,542,542
1000,744.165,568,568
1000,752.446,579,578
1000,747.748,575,575
1000,739.472,560,560
1000,732.315,530,529
1000,727.473,545,542
1000,744.281,562,560
1000,708.712,502,500
1000,717.998,533,531
1000,736.668,540,538
1000,752.309,583,581
1000,733.756,548,547
1000,727.552,547,547
1000,727.156,544,544
1000,730.373,544,543
1000,723.807,530,526
1000,735.267,549,547
1000,741.803,556,555
1000,743.927,563,561
1000,723.951,524,522
1000,731.49,563,560
1000,727.382,534,531
1000,735.265,547,545
1000,744.375,563,559
1000,741.51,564,563
1000,731.197,551,548
1000,732.277,562,561
1000,735.382,537,534
1000,740.37,557,552
1000,742.137,556,554
1000,717.519,545,545
1000,721.78,543,543
1000,740.774,569,568
1000,738.935,560,560
1000,731.432,555,555
1000,737.425,566,566
1000,727.624,535,535
1000,729.148,546,546
1000,733.855,563,563
1000,731.265,538,538
1000,736.162,563,563
1000,727.213,540,539
1000,752.251,549,547
1000,742.067,553,551
1000,730.829,541,538
1000,742.156,571,569
1000,748.163,564,562
1000,735.717,573,571
1000,745.786,562,561
1000,751.158,585,583
1000,715.127,522,520
1000,747.933,570,570
1000,758.519,577,577
1000,755.116,583,583
1000,736.146,554,554
1000,754.175,577,576
1000,735.868,544,542
1000,745.537,564,562
1000,732.363,539,536
1000,729.41,552,551
1000,740.803,568,564
1000,722.565,552,550
1000,730.699,537,533
1000,729.747,550,547
1000,740.976,558,553
1000,730.3,540,538
1000,720.06,548,544
1000,741.121,557,556
1000,722.992,529,526
1000,746.93,565,563
1000,753.333,582,578
1000,719.754,538,536
1000,729.336,538,535
1000,732.56,536,532
1000,733.052,559,555
1000,744.085,571,563
1000,743.512,574,567
1000,731.121,550,543
1000,735.639,551,547
1000,731.329,531,528
1000,725.65,543,543
1000,741.834,559,557
1000,737.885,564,562
1000,744.862,575,571
1000,746.145,573,570
1000,731.014,544,540
1000,736.08,548,545
1000,732.17,542,536
1000,745.076,560,552
1000,749.74,573,568
1000,736.878,557,550
1000,742.618,555,550
1000,745.331,571,567
1000,738.433,554,549
1000,740.809,560,559
1000,721.018,543,540
1000,731.379,545,543
1000,742.698,562,562
1000,728.659,541,541
1000,751.618,574,574
1000,752.977,575,574
1000,749.022,554,552
1000,736.626,554,551
1000,749.608,569,567
1000,731.543,544,544
1000,739.882,544,543
1000,738.794,553,551
1000,731.562,560,559
1000,732.315,542,541
1000,743.446,544,538
1000,735.019,549,542
1000,727.745,549,541
1000,737.811,553,546
1000,727.998,558,554
1000,729.37,560,557
1000,744.854,563,561
1000,743.686,569,569
1000,734.017,536,535
1000,738.903,545,543
1000,752.473,567,566
1000,742.712,556,555
1000,741.784,556,555
1000,747.628,560,557
1000,747.091,567,566
1000,743.289,561,560
1000,744.943,568,567
1000,742.498,553,552
1000,747.058,556,554
1000,760.969,592,591
1000,743.443,548,547
1000,748.917,557,556
1000,727.895,536,536
1000,750.907,575,575
1000,738.51,549,549
1000,742.482,556,555
1000,753.736,573,571
1000,729.665,556,555
1000,755.355,576,574
1000,726.644,544,542
1000,747.051,570,569
1000,759.574,587,587
1000,714.324,519,519
1000,756.816,578,577
1000,722.444,522,520
1000,753.652,578,578
1000,712.87,509,509
1000,727.552,526,526
1000,741.887,567,566
1000,746.4,550,547
1000,739.257,558,556
1000,742.051,564,560
1000,750.83,577,575
1000,752.513,568,567
1000,744.96,560,560
1000,713.161,515,514
1000,733.247,543,541
1000,749.666,567,566
1000,735.068,550,548
1000,745.126,561,556
1000,734.567,538,535
1000,739.592,559,557
1000,731.314,530,529
1000,729.503,526,525
1000,746.23,557,556
1000,750.873,568,568
1000,741.82,561,561
1000,739.249,541,541
1000,749.898,573,573
1000,721.549,523,523
1000,749.394,567,567
1000,742.901,568,568
1000,750.929,570,569
1000,732.792,548,547
1000,732.279,554,554
1000,750.572,564,564
1000,740.754,544,544
1000,754.847,589,587
1000,729.353,548,546
1000,737.436,553,550
1000,746.22,563,560
1000,746.234,562,559
1000,753.41,581,580
1000,735.827,548,548
1000,747.902,563,562
1000,745.395,568,567
1000,735.334,537,536
1000,729.815,544,542
1000,753.919,573,573
1000,761.359,575,575
1000,754.328,580,579
1000,742.196,565,561
1000,738.192,557,552
1000,733.157,541,535
1000,749.673,566,554
1000,731.233,527,518
1000,758.065,579,566
1000,743.045,565,552
1000,747.123,571,554
1000,750.504,574,556
1000,756.062,574,558
1000,760.342,581,564
1000,760.762,591,569
1000,733.994,551,530
1000,750.37,575,557
1000,742.755,545,515
1000,752.253,565,538
1000,759.277,589,558
1000,742.106,567,535
1000,753.752,580,556
1000,743.04,564,544
1000,750.057,584,553
1000,746.503,560,524
1000,748.709,562,528
1000,748.676,560,525
1000,747.185,559,523
1000,747.707,562,519
1000,760.097,592,559
1000,733.594,566,535
1000,744.043,562,528
1000,756.552,578,543
1000,727.099,550,522
1000,736.37,555,524
1000,712.533,519,502
1000,752.891,576,553
1000,741.611,556,533
1000,738.721,545,527
1000,760.867,571,550
1000,745.032,571,554
1000,758.132,566,544
1000,744.637,570,550
1000,727.6,545,516
1000,755.585,579,553
1000,758.135,583,560
1000,734.834,549,530
1000,762.293,573,556
1000,755.12,566,542
1000,735.692,541,522
1000,762.95,585,569
1000,737.59,551,530
1000,735.48,532,512
1000,757.899,559,535
1000,745.08,533,515
1000,741.135,559,537
1000,759.017,571,550
1000,742.176,557,539
1000,748.454,571,551
1000,763.705,594,574
1000,747.249,562,539
1000,737.471,562,547
1000,760.105,572,562
1000,754.685,570,557
1000,741.594,549,538
1000,753.064,577,567
1000,758.539,580,569
1000,739.432,545,538
1000,745.544,554,544
1000,750.948,571,566
1000,734.916,547,542
1000,739.604,552,549
1000,728.712,527,519
1000,750.007,566,561
1000,744.761,553,551
1000,735.497,558,556
1000,734.393,557,556
1000,748.388,564,563
1000,748.389,571,570
1000,736.623,566,565
1000,728.757,540,537
1000,739.223,555,550
1000,722.654,539,534
1000,745.735,554,549
1000,744.475,564,558
1000,743.958,561,555
1000,731.533,550,544
1000,737.906,555,550
1000,742.802,583,580
1000,767.425,599,599
1000,728.308,535,534
1000,737.14,566,563
1000,726.906,541,538
1000,734.674,557,554
1000,747.985,574,572
1000,732.427,545,543
1000,751.478,579,578
1000,757.337,580,579
1000,749.312,571,570
1000,723.024,529,527
1000,743.328,566,565
1000,742.481,557,556
1000,747.808,572,571
1000,739.684,556,555
1000,751.283,579,578
1000,737.601,558,557
1000,730.958,543,541
1000,735.135,558,556
1000,745.626,575,575
1000,736.08,563,563
1000,739.193,549,549
1000,741.6,554,554
1000,731.7,544,543
1000,738.179,558,558
1000,751.755,582,582
1000,734.966,548,548
1000,733.263,554,554
1000,721.472,542,542
1000,730.235,554,554
1000,747.569,574,574
1000,743.203,577,577
1000,759.41,591,591
1000,720.431,534,534
1000,727.601,536,536
1000,749.502,557,557
1000,744.452,562,562
1000,728.159,545,545
1000,753.688,576,576
1000,741.109,572,572
1000,743.209,565,565
1000,746.726,557,557
1000,727.76,556,556
1000,754.778,575,573
1000,710.047,527,525
1000,736.734,555,553
1000,747.472,555,552
1000,724.44,544,541
1000,739.043,553,549
1000,738.305,575,570
1000,728.096,538,533
1000,732.297,538,534
1000,732.538,548,545
1000,719.943,530,527
1000,740.291,551,549
1000,742.793,566,563
1000,732.365,547,544
1000,745.486,555,551
1000,726.536,533,532
1000,752.077,574,571
1000,748.038,558,557
1000,732.817,550,548
1000,725.636,536,536
1000,738.975,549,549
1000,739.601,558,558
1000,734.001,556,555
1000,723.435,526,523
1000,746.301,563,560
1000,732.807,554,548
1000,737.628,549,540
1000,714.162,535,527
1000,716.797,535,533
1000,738.175,553,546
1000,716.604,540,531
1000,740.62,549,534
1000,750.708,569,556
1000,745.932,571,564
1000,737.382,562,554
1000,733.057,541,532
1000,745.779,562,551
1000,727.624,526,521
1000,745.54,558,554
1000,751.078,577,571
1000,760.104,577,568
1000,733.583,551,541
1000,737.9,566,559
1000,721.718,530,523
1000,741.286,562,548
1000,735.344,549,527
1000,738.498,551,533
1000,740.616,529,505
1000,756.605,572,543
1000,753.633,568,536
1000,737.091,543,509
1000,749.58,566,527
1000,745.87,558,527
1000,742.997,561,527
1000,744.675,553,530
1000,736.39,533,503
1000,749.466,566,542
1000,741.848,547,520
1000,705.273,511,493
1000,754.53,566,546
1000,742.937,563,541
1000,742.217,551,527
1000,740.565,549,524
1000,738.688,551,524
1000,753.037,575,554
1000,754.006,566,546
1000,742.344,559,542
1000,751.826,579,565
1000,762.064,591,571
1000,744.866,555,538
1000,739.9,555,546
1000,745.652,572,565
1000,731.366,548,541
1000,746.342,575,567
1000,745.593,570,566
1000,735.384,551,549
1000,730.625,550,547
1000,763.482,581,579
1000,747.075,563,563
1000,717.813,523,521
1000,750.147,557,554
1000,735.352,543,541
1000,758.469,579,577
1000,733.151,551,548
1000,753.515,558,556
1000,741.906,569,568
1000,755.273,567,563
1000,729.878,558,557
1000,754.43,576,569
1000,740.138,546,538
1000,747.828,555,548
1000,748.279,571,569
1000,744.654,557,554
1000,727.784,531,530
1000,741.098,565,564
1000,734.843,556,555
1000,745.562,567,566
1000,723.388,523,522
1000,723.832,529,523
1000,730.199,543,536
1000,740.526,561,547
1000,746.863,561,550
1000,738.28,548,532
1000,744.663,559,543
1000,751.121,565,552
1000,733.536,551,539
1000,734.763,537,520
1000,716.031,530,520
1000,741.844,549,541
1000,751.911,564,555
1000,744.114,554,545
1000,738.632,558,553
1000,764.652,576,573
1000,739.498,553,551
1000,733.469,540,539
1000,733.203,560,558
1000,729.638,544,543
1000,740.193,552,550
1000,739.077,560,559
1000,734.611,536,533
1000,749.332,551,545
1000,742.45,537,533
1000,741.685,551,550
1000,738.162,546,544
1000,747.05,550,550
1000,738.155,551,551
1000,732.492,550,549
1000,743.755,560,558
1000,733.459,532,531
1000,732.858,549,547
1000,758.29,574,568
1000,748.837,551,545
1000,750.524,557,554
1000,749.888,552,551
1000,753.926,574,571
1000,746.218,557,553
1000,748.834,558,556
1000,751.512,561,557
1000,742.756,579,571
1000,725.311,528,524
1000,742.72,552,547
1000,756.588,574,571
1000,738.453,535,531
1000,740.138,555,551
1000,744.439,544,543
1000,736.221,542,540
1000,752.82,572,567
1000,748.226,567,566
1000,722.303,529,527
1000,719.329,533,529
1000,739.275,554,552
1000,756.85,571,570
1000,754.222,575,575
1000,749.607,570,566
1000,754.323,572,568
1000,734.968,556,553
1000,752.916,576,573
1000,736.086,556,550
1000,732.615,550,548
1000,737.924,555,554
1000,739.934,563,561
1000,749.669,571,570
1000,741.339,544,542
1000,739.343,562,561
1000,731.94,547,546
1000,756.033,578,576
1000,753.176,561,557
1000,741.962,558,555
1000,756.095,568,566
1000,746.528,559,555
1000,757.961,562,558
1000,756.746,578,575
1000,729.673,543,541
1000,753.554,565,563
1000,745.511,561,558
1000,743.748,553,551
1000,725.1,517,514
1000,754.196,571,568
1000,750.122,584,578
1000,750.782,564,558
1000,757.956,583,575
1000,748.839,575,569
1000,747.282,560,558
1000,755.492,568,567
1000,746.463,563,560
1000,753.533,567,564
1000,745.521,563,557
1000,744.604,558,555
1000,738.936,551,549
1000,738.614,555,552
1000,738.922,548,546
1000,756.558,580,576
1000,714.444,514,511
1000,744.726,564,561
1000,738.579,553,552
1000,751.743,562,562
1000,735.421,554,554
1000,722.221,534,534
1000,738.616,556,555
1000,727.17,533,532
1000,742.082,556,554
1000,760.088,582,581
1000,744.598,563,563
1000,747.74,561,561
1000,748.396,565,565
1000,722.993,532,532
1000,721.929,528,528
1000,746.087,577,577
1000,736.904,544,544
1000,743.245,549,549
1000,745.36,569,568
1000,743.513,553,552
1000,735.188,544,543
1000,763.075,583,581
1000,761.757,577,572
1000,751.119,552,550
1000,740.363,543,542
1000,741.123,563,560
1000,733.931,553,551
1000,752.565,581,578
1000,760.072,597,592
1000,723.277,535,531
1000,752.033,568,565
1000,743.065,555,551
1000,753.047,553,546
1000,742.273,556,551
1000,745.363,567,559
1000,759.871,594,586
1000,725.984,538,532
1000,755.981,574,568
1000,747.73,564,560
1000,744.116,561,559
1000,756.267,567,566
1000,743.116,571,569
1000,727.553,547,546
1000,738.286,545,543
1000,746.854,558,557
1000,723.502,534,532
1000,724.755,525,522
1000,724.019,541,537
1000,764.217,583,576
1000,725.328,533,530
1000,761.205,589,588
1000,751.786,572,572
1000,744.774,569,569
1000,752.291,569,568
1000,754.7,568,566
1000,737.784,556,554
1000,733.693,542,539
1000,743.545,557,553
1000,727.956,546,538
1000,746.236,547,539
1000,730.532,550,542
1000,730.256,541,535
1000,739.354,549,546
1000,733.777,547,540
1000,745.959,560,554
1000,735.402,543,534
1000,729.34,548,535
1000,725.61,547,540
1000,729.796,551,544
1000,741.763,551,540
1000,739.511,527,515
1000,733.732,533,523
1000,752.422,569,563
1000,753.385,568,561
1000,740.151,562,551
1000,750.443,572,562
1000,740.575,538,533
1000,730.454,542,539
1000,735.807,547,543
1000,756.908,587,584
1000,728.345,539,535
1000,735.825,553,549
1000,737.64,559,553
1000,745.56,575,569
1000,742.877,555,551
1000,762.529,586,582
1000,743.829,560,556
1000,751.032,562,557
1000,750.091,577,574
1000,736.653,554,550
1000,748.334,557,550
1000,761.243,585,578
1000,742.547,547,538
1000,733.436,528,518
1000,734.76,541,533
1000,757.964,562,561
1000,746.317,555,553
1000,734.826,551,550
1000,736.165,538,537
1000,745.072,576,574
1000,748.845,559,559
1000,739.077,536,533
1000,737.125,565,559
1000,749.995,557,540
1000,751.828,566,548
1000,726.507,537,525
1000,739.463,561,548
1000,736.657,537,526
1000,730.079,545,532
1000,734.137,547,537
1000,743.949,552,541
1000,728.224,544,535
1000,742.464,570,561
1000,744.346,558,547
1000,741.414,569,553
1000,734.932,557,533
1000,753.783,564,524
1000,751.476,567,536
1000,743.825,548,522
1000,744.72,549,519
1000,719.483,518,492
1000,754.23,553,536
1000,740.506,540,520
1000,749.826,564,546
1000,743.236,561,538
1000,749.448,566,549
1000,740.637,549,534
1000,748.233,572,559
1000,726.055,544,531
1000,724.79,537,526
1000,733.261,542,533
1000,747.731,565,554
1000,740.931,569,558
1000,737.536,556,545
1000,728.25,531,518
1000,739.434,543,533
1000,734.113,546,534
1000,736.802,541,537
1000,737.281,545,543
1000,744.478,568,566
1000,750.77,574,572
1000,752.855,576,576
1000,750.72,570,570
1000,741.13,549,549
1000,731.647,538,537
1000,741.384,555,555
1000,742.266,543,542
1000,745.454,551,547
1000,744.452,560,554
1000,733.281,548,545
1000,753.849,573,567
1000,730.273,534,528
1000,728.589,530,523
1000,740.777,535,530
1000,743.517,556,552
1000,742.533,541,537
1000,728.213,543,538
1000,746.412,560,553
1000,745.82,545,539
1000,736.671,548,542
1000,742.281,556,548
1000,754.003,567,555
1000,757.127,568,558
1000,726.628,533,530
1000,728.858,527,520
1000,748.881,566,555
1000,747.047,558,544
1000,738.309,545,534
1000,765.353,586,573
1000,727.176,516,505
1000,728.109,526,516
1000,752.585,569,552
1000,750.451,561,547
1000,737.232,545,536
1000,735.832,551,544
1000,737.599,547,539
1000,739.475,563,558
1000,735.046,538,535
1000,746.52,559,555
1000,739.561,553,551
1000,742.547,566,564
1000,738.128,550,549
1000,738.03,547,547
1000,745.591,555,554
1000,737.195,568,565
1000,731.095,546,546
1000,738.745,553,552
1000,743.308,554,553
1000,733.477,538,536
1000,740.376,555,554
1000,747.527,557,555
1000,730.957,527,527
1000,745.628,556,553
1000,746.861,548,548
1000,732.943,547,546
1000,746.582,558,554
1000,720.159,527,523
1000,734.175,549,547
1000,740.049,563,561
1000,740.361,559,558
1000,739.56,556,556
1000,740.472,557,557
1000,741.535,548,548
1000,735.593,548,547
1000,728.424,535,534
1000,742.395,550,549
1000,751.48,566,565
1000,744.919,568,566
1000,751.807,565,564
1000,738.142,558,556
1000,735.436,546,540
1000,754.163,562,554
1000,723.16,535,529
1000,750.716,574,567
1000,748.46,564,559
1000,737.64,542,537
1000,739.685,567,561
1000,741.152,569,564
1000,745.193,573,567
1000,732.739,544,538
1000,737.757,539,531
1000,737.179,556,546
1000,746.771,564,551
1000,736.057,546,532
1000,751.497,570,558
1000,732.002,549,538
1000,745.062,559,545
1000,729.098,547,538
1000,744.103,557,550
1000,737.028,536,531
1000,754.741,565,555
1000,742.957,559,548
1000,737.89,555,539
1000,758.863,585,575
1000,739.128,559,551
1000,738.323,559,555
1000,729.633,545,540
1000,737.699,550,545
1000,754.287,583,579
1000,758.932,579,576
1000,751.219,576,575
1000,744.97,560,559
1000,734.62,562,562
1000,738.689,546,546
1000,748.051,572,571
1000,745.237,561,559
1000,734.451,550,548
1000,738.557,551,551
1000,739.758,566,565
1000,713.197,514,512
1000,733.4,539,538
1000,746.822,543,541
1000,755.108,582,575
1000,752.615,571,565
1000,757.627,571,563
1000,750.969,559,550
1000,738.765,547,535
1000,742.258,548,538
1000,744.63,565,553
1000,737.723,553,540
1000,721.363,533,520
1000,735.04,554,544
1000,738.72,555,548
1000,734.797,564,552
1000,746.577,574,560
1000,737.635,563,544
1000,741.76,568,552
1000,759.709,591,571
1000,725.253,534,515
1000,757.449,581,554
1000,715.582,536,503
1000,735.954,542,521
1000,744.402,555,531
1000,741.063,565,539
1000,745.639,564,537
1000,723.803,534,521
1000,736.09,533,522
1000,738.52,557,543
1000,748.554,571,556
1000,752.65,570,561
1000,730.509,547,536
1000,754.666,566,558
1000,715.525,525,513
1000,727.873,541,535
1000,725.93,529,522
1000,733.421,542,536
1000,744.023,547,542
1000,761.483,591,585
1000,735.358,546,540
1000,757.544,579,575
1000,734.526,549,547
1000,746.972,568,564
1000,739.789,567,565
1000,733.388,545,542
1000,750.227,570,566
1000,743.326,569,563
1000,747.615,560,554
1000,751.084,564,556
1000,732.905,547,542
1000,729.976,533,531
1000,731.194,539,538
1000,724.106,535,535
1000,750.255,581,581
1000,751.574,579,577
1000,745.785,562,559
1000,749.636,564,560
1000,752.074,587,584
1000,704.753,511,507
1000,739.8,552,548
1000,736.387,551,550
1000,751.668,573,573
1000,730.594,549,548
1000,737.251,541,541
1000,737.434,555,552
1000,744.062,557,555
1000,726.346,537,535
1000,738.188,569,566
1000,737.296,544,542
1000,726.508,536,536
1000,745.276,569,569
1000,756.239,581,580
1000,738.553,551,551
1000,756.086,586,585
1000,733.954,543,538
1000,757.308,586,579
1000,744.835,562,554
1000,740.504,564,556
1000,731.453,551,541
1000,729.513,539,531
1000,738.564,561,556
1000,741.058,539,535
1000,733.424,558,554
1000,744.89,563,561
1000,746.037,583,580
1000,736.778,557,554
1000,732.686,544,543
1000,727.886,531,530
1000,742.931,554,554
1000,757.978,591,591
1000,724.561,535,535
1000,737.314,558,558
1000,745.162,565,564
1000,727.432,531,530
1000,739.754,561,559
1000,750.961,574,571
1000,743.973,565,560
1000,748.513,568,566
1000,728.53,532,530
1000,739.449,560,559
1000,727.402,548,547
1000,734.548,553,552
1000,754.785,581,581
1000,723.895,544,544
1000,734.581,552,552
1000,734.46,559,559
1000,727.61,538,537
1000,744.067,555,553
1000,756.11,578,577
1000,733.781,550,547
1000,736.568,559,558
1000,738.653,545,544
1000,741.363,536,536
1000,740.827,559,559
1000,730.143,535,534
1000,734.095,553,553
1000,750.658,570,569
1000,755.287,584,583
1000,741.671,547,547
1000,746.32,559,559
1000,745.178,557,557
1000,730.431,538,538
1000,753.711,575,575
1000,740.663,553,553
1000,755.109,570,570
1000,747.49,547,547
1000,734.768,535,534
1000,747.251,558,556
1000,751.023,565,564
1000,750.533,569,567
1000,720.363,524,523
1000,736.493,550,548
1000,748.156,566,564
1000,738.711,543,542
1000,753.489,574,574
1000,728.805,534,534
1000,757.028,575,575
1000,739.219,552,551
1000,751.948,567,565
1000,728.157,554,552
1000,745.403,560,559
1000,735.97,548,547
1000,748.481,572,571
1000,746.823,560,557
1000,749.287,569,568
1000,752.988,581,578
1000,732.002,553,549
1000,721.116,540,540
1000,751.27,566,566
1000,734.467,556,552
1000,728.423,545,543
1000,726.309,546,545
1000,740.141,562,560
1000,725.208,536,533
1000,744.963,574,571
1000,754.043,564,561
1000,732.763,553,550
1000,740.237,563,558
1000,731.105,540,537
1000,735.327,560,558
1000,737.33,554,551
1000,746.115,549,546
1000,736.161,564,561
1000,739.211,555,550
1000,719.161,537,534
1000,744.86,559,556
1000,724.19,545,542
1000,726.228,547,546
1000,742.4,564,563
1000,751.045,568,568
1000,751.031,581,580
1000,720.024,531,529
1000,753.922,594,590
1000,745.956,567,564
1000,739.481,557,556
1000,737.96,559,559
1000,746.998,566,566
1000,741.445,554,553
1000,752.156,580,577
1000,743.722,565,561
1000,747.34,566,562
1000,725.537,536,534
1000,737.217,546,545
1000,752.303,578,578
1000,736.507,556,556
1000,748.472,569,569
1000,732.048,545,545
1000,733.138,552,552
1000,762.376,595,595
1000,737.794,543,542
1000,743.154,560,559
1000,762.169,592,590
1000,758.398,584,581
1000,748.349,573,571
1000,744.559,555,552
1000,734.699,551,551
1000,739.064,556,556
1000,749.143,568,568
1000,745.025,558,557
1000,742.952,560,559
1000,710.066,506,505
1000,728.18,542,538
1000,730.52,534,532
1000,733.137,558,556
1000,740.256,556,553
1000,749.776,576,574
1000,735.857,566,563
1000,731.243,555,552
1000,725.746,525,524
1000,729.454,541,539
1000,740.859,558,557
1000,739.087,558,557
1000,727.62,543,543
1000,734.395,550,549
1000,737.006,558,557
1000,738.889,546,545
1000,740.027,566,566
1000,725.561,530,530
1000,738.315,550,549
1000,731.635,552,550
1000,754.649,582,580
1000,729.025,539,537
1000,736.292,538,537
1000,738.748,556,554
1000,741.778,555,553
1000,765.957,601,599
1000,718.161,538,534
1000,723.778,542,537
1000,750.731,573,569
1000,727.383,542,538
1000,733.694,559,556
1000,732.953,547,543
1000,740.97,550,548
1000,745.357,566,565
1000,739.331,560,559
1000,732.118,555,552
1000,729.313,540,535
1000,734.114,559,555
1000,737.288,555,549
1000,729.747,557,551
1000,752.257,583,572
1000,745.375,562,553
1000,728.065,539,532
1000,736.252,561,552
1000,744.555,567,556
1000,724.729,539,529
1000,701.35,512,501
1000,736.722,561,554
1000,739.866,563,552
1000,729.084,557,555
1000,703.558,515,513
1000,743.176,557,552
1000,748.23,567,562
1000,742.319,574,569
1000,735.88,576,573
1000,715.773,537,535
1000,741.038,559,554
1000,729.974,537,535
1000,747.789,575,574
1000,718.163,542,541
1000,712.071,529,529
1000,737.195,557,557
1000,743.389,567,567
1000,730.033,533,532
1000,725.806,534,533
1000,754.314,589,588
1000,737.421,563,560
1000,738.473,561,554
1000,738.084,567,561
1000,726.628,551,549
1000,715.671,532,531
1000,724.115,544,544
1000,719.604,531,530
1000,746.363,569,568
1000,726,536,535
1000,734.798,554,554
1000,738.758,574,574
1000,745.711,580,580
1000,735.49,551,551
1000,730.205,551,551
1000,731.068,563,562
1000,734.745,553,552
1000,738.139,549,546
1000,758.702,591,588
1000,723.61,536,535
1000,757.199,575,574
1000,742.893,561,558
1000,727.492,543,540
1000,742.472,560,558
1000,719.354,538,534
1000,747.135,575,570
1000,737.883,559,552
1000,738.716,559,554
1000,736.978,548,546
1000,749.294,579,577
1000,746.262,575,573
1000,725.532,531,529
1000,746.48,567,566
1000,740.263,558,557
1000,729.348,534,533
1000,736.504,548,547
1000,744.393,561,558
1000,735.126,543,543
1000,736.623,556,556
1000,731.541,539,539
1000,745.529,558,557
1000,745.779,570,569
1000,732.844,540,539
1000,736.823,545,542
1000,733.698,532,529
1000,735.406,561,557
1000,750.071,574,573
1000,750.051,563,560
1000,721.694,523,521
1000,730.342,536,536
1000,746.426,568,568
1000,727.52,541,539
1000,725.625,534,530
1000,749.833,560,557
1000,739.743,554,550
1000,747.754,572,570
1000,752.25,576,573
1000,741.635,562,560
1000,725.818,545,544
1000,735.257,559,557
1000,737.135,554,551
1000,725.647,518,516
1000,752.429,578,576
1000,726.602,549,547
1000,725.32,545,545
1000,755.826,586,585
1000,748.151,564,561
1000,739.074,554,550
1000,741.685,552,546
1000,746.619,555,547
1000,754.89,569,563
1000,739.843,554,547
1000,728.856,528,524
1000,757.652,583,577
1000,748.683,564,558
1000,736.515,547,542
1000,724.42,534,530
1000,719.934,534,528
1000,735.46,538,527
1000,742.858,559,541
1000,773.126,595,576
1000,740.579,564,544
1000,743.03,557,545
1000,756.079,576,559
1000,718.842,534,521
1000,754.837,590,583
1000,761.592,591,584
1000,720.356,525,519
1000,740.737,561,557
1000,725.662,543,541
1000,729.641,549,548
1000,728.635,550,549
1000,745.389,556,555
1000,737.764,549,547
1000,748.075,560,555
1000,751.677,576,572
1000,742.623,560,556
1000,749.93,563,558
1000,724.619,533,525
1000,731.477,558,553
1000,728.019,544,541
1000,736.238,551,549
1000,740.073,559,557
1000,729.838,544,541
1000,729.154,531,526
1000,729.683,532,527
1000,716.708,519,516
1000,719.965,525,523
1000,760.927,582,578
1000,727.739,544,542
1000,742.363,564,561
1000,751.678,551,551
1000,718.333,535,534
1000,731.865,544,544
1000,747.221,552,552
1000,760.351,575,574
1000,728.214,533,532
1000,723.284,531,529
1000,722.266,526,523
1000,724.302,532,527
1000,729.359,539,535
1000,733.018,544,540
1000,744.392,556,552
1000,755.344,580,576
1000,756.477,586,583
1000,734.771,544,540
1000,732.745,538,533
1000,734.244,561,556
1000,747.034,569,565
1000,743.614,555,551
1000,719.103,531,526
1000,728.217,548,545
1000,749.706,575,574
1000,751.399,569,569
1000,726.023,529,528
1000,744.934,577,576
1000,743.755,566,565
1000,738.16,546,545
1000,736.072,565,564
1000,731.945,545,545
1000,742.785,561,561
1000,752.184,581,581
1000,737.903,557,557
1000,751.167,562,558
1000,733.255,547,543
1000,746.073,561,556
1000,753.865,570,563
1000,744.168,572,567
1000,730.909,540,536
1000,731.317,549,547
1000,735.94,559,555
1000,730.909,543,541
1000,748.056,567,564
1000,759.172,575,567
1000,746.007,561,548
1000,742.672,574,562
1000,737.313,550,535
1000,730.713,542,534
1000,736.317,548,544
1000,733.004,554,553
1000,727.422,527,526
1000,734.095,546,545
1000,731.64,541,538
1000,734.529,546,543
1000,752.361,586,583
1000,752.677,544,542
1000,761.743,581,576
1000,727.578,530,527
1000,733.854,550,548
1000,752.859,575,574
1000,756.017,571,568
1000,738.088,556,554
1000,745.929,551,549
1000,743.649,559,557
1000,738.184,566,562
1000,760.615,579,575
1000,742.356,558,554
1000,759.095,583,577
1000,727.915,542,536
1000,736.194,551,545
1000,747.541,559,551
1000,738.443,561,556
1000,752.816,570,566
1000,750.994,565,558
1000,742.874,539,536
1000,738.635,540,536
1000,754.792,582,579
1000,753.558,572,568
1000,747.908,563,559
1000,727.984,534,530
1000,750.389,564,563
1000,733.845,546,546
1000,749.924,556,555
1000,741.37,551,551
1000,743.695,552,552
1000,747.13,564,564
1000,723.473,528,528
1000,741.605,559,559
1000,754.121,577,577
1000,729.103,538,537
1000,740.252,564,563
1000,735.01,549,549
1000,747.341,562,561
1000,761.715,594,594
1000,727.537,548,548
1000,750.323,567,567
1000,743.882,566,565
1000,747.619,560,558
1000,749.047,577,574
1000,748.89,562,559
1000,742.701,567,563
1000,747.413,566,564
1000,756.732,576,574
1000,747.136,570,566
1000,735.976,548,544
1000,734.764,548,543
1000,732.884,549,544
1000,742.967,550,542
1000,740.577,531,522
1000,748.024,574,564
1000,742.735,549,545
1000,746.688,554,551
1000,731.895,536,533
1000,724.024,522,517
1000,724.611,529,523
1000,755.889,579,568
1000,745.913,559,547
1000,746.916,564,556
1000,728.631,550,545
1000,726.221,520,518
1000,722.273,523,521
1000,737.664,558,556
1000,740.362,558,552
1000,741.65,542,536
1000,733.145,532,529
1000,759.312,579,571
1000,734.987,536,531
1000,733.694,551,548
1000,739.84,562,558
1000,743.705,553,550
1000,729.714,543,540
1000,737.969,550,548
1000,750.3,571,567
1000,743.29,562,557
1000,736.203,548,541
1000,760.951,579,571
1000,740.963,554,542
1000,743.565,576,565
1000,754.413,572,562
1000,747.382,561,555
1000,735.325,552,543
1000,751.713,567,564
1000,763.127,586,585
1000,738.046,551,548
1000,743.063,549,545
1000,718.137,520,513
1000,748.948,568,564
1000,745.106,562,560
1000,750.223,558,554
1000,751.171,580,575
1000,754.021,577,574
1000,761.317,582,580
1000,750.428,579,573
1000,747.346,574,566
1000,745.131,558,551
1000,750.213,559,548
1000,745.954,565,555
1000,760.622,598,584
1000,752.404,570,557
1000,742.738,563,559
1000,743.735,575,572
1000,762.911,587,582
1000,740.248,556,554
1000,750.423,577,573
1000,748.03,562,557
1000,760.41,588,582
1000,745.801,566,561
1000,745.298,558,555
1000,726.684,538,532
1000,731.356,550,542
1000,744.181,568,565
1000,747.721,574,570
1000,725.271,547,544
1000,755.307,571,569
1000,733.836,550,545
1000,739.021,556,554
1000,718.411,525,522
1000,757.096,572,567
1000,751.274,568,562
1000,746.776,570,565
1000,749.195,577,568
1000,767.897,586,577
1000,740.116,555,547
1000,737.366,528,520
1000,750.772,572,565
1000,766.938,586,579
1000,734.944,550,543
1000,730.872,544,531
1000,751.884,573,558
1000,753.33,567,550
1000,757.88,586,565
1000,751.948,584,570
1000,771.57,587,566
1000,744.216,571,556
1000,724.1,527,516
1000,726.99,541,528
1000,737.639,552,538
1000,741.402,562,555
1000,755.329,586,579
1000,737.979,548,544
1000,750.364,569,566
1000,730.464,540,538
1000,762.817,588,585
1000,752.07,562,560
1000,731.142,546,542
1000,743.865,555,552
1000,715.571,515,513
1000,745.767,566,563
1000,735.491,544,543
1000,732.908,529,527
1000,727.008,535,530
1000,744.131,580,576
1000,744.794,566,560
1000,727.254,537,533
1000,744.058,559,555
1000,732.261,552,550
1000,742.277,552,549
1000,738.678,555,550
1000,757.824,571,567
1000,753.188,581,576
1000,748.773,558,555
1000,751.26,580,574
1000,745.131,571,566
1000,747.003,570,567
1000,760.371,586,582
1000,742.273,557,555
1000,728.871,536,534
1000,723.591,535,534
1000,735.947,538,536
1000,748.708,567,566
1000,743.758,546,546
1000,741.908,561,560
1000,732.926,543,542
1000,760.219,572,572
1000,739.603,546,546
1000,738.443,558,557
1000,754.001,571,571
1000,744.421,554,554
1000,741.404,556,556
1000,758.844,589,589
1000,732.863,548,546
1000,733.536,547,546
1000,724.505,536,536
1000,738.67,555,554
1000,754.837,583,581
1000,746.564,556,555
1000,729.788,551,551
1000,750.592,574,573
1000,741.605,550,549
1000,751.283,572,571
1000,747.309,567,567
1000,728.438,537,537
1000,750.822,581,581
1000,748.629,563,563
1000,732.968,547,545
1000,735.505,553,550
1000,750.572,568,565
1000,720.818,532,530
1000,738.479,559,556
1000,737.407,553,551
1000,745.006,565,561
1000,735.955,545,541
1000,736.75,560,556
1000,705.267,505,498
1000,740.539,560,554
1000,738.402,564,556
1000,737.551,556,554
1000,714.266,516,512
1000,752.44,575,571
1000,740.231,561,556
1000,736.873,559,555
1000,730.718,551,548
1000,738.718,559,555
1000,730.073,532,529
1000,763.632,584,583
1000,733.994,553,553
1000,725.591,558,557
1000,733.649,542,540
1000,741.336,551,549
1000,718.238,534,534
1000,733.673,561,561
1000,730.756,536,535
1000,724.007,541,540
1000,725.638,550,549
1000,725.511,541,538
1000,742.967,571,567
1000,743.282,565,557
1000,722.422,535,532
1000,744.539,562,561
1000,747.24,562,562
1000,753.268,566,565
1000,745.623,553,553
1000,736.023,566,566
1000,746.356,578,578
1000,757.991,563,562
1000,734.45,553,553
1000,725.681,551,551
1000,726.537,541,541
1000,747.049,575,574
1000,732.635,548,547
1000,730.005,529,528
1000,747.428,571,569
1000,731.126,535,531
1000,731.797,545,536
1000,728.575,526,519
1000,732.798,551,541
1000,743.238,560,552
1000,744.71,555,546
1000,740.224,555,541
1000,754.336,573,556
1000,734.845,539,530
1000,748.284,546,538
1000,732.542,537,529
1000,734.273,556,547
1000,738.566,561,548
1000,752.174,580,568
1000,739.365,560,552
1000,733.054,547,540
1000,725.828,538,534
1000,731.43,540,531
1000,747.606,559,550
1000,742.239,557,553
1000,734.143,558,555
1000,738.649,548,544
1000,736.053,551,548
1000,740.818,554,552
1000,735.173,548,547
1000,740.756,560,555
1000,741.111,561,554
1000,735.238,555,551
1000,747.672,558,557
1000,735.077,556,556
1000,734.759,540,539
1000,751.948,562,562
1000,752.419,566,565
1000,729.806,544,542
1000,745.226,547,545
1000,741.137,562,561
1000,738.684,560,558
1000,738.23,561,557
1000,748.904,582,576
1000,724.805,528,524
1000,733.587,545,543
1000,737.57,559,556
1000,744.938,571,569
1000,728.175,541,539
1000,736.257,548,545
1000,734.653,546,543
1000,749,566,561
1000,748.557,562,558
1000,737.106,550,541
1000,742.045,558,549
1000,741.526,552,546
1000,749.996,555,551
1000,737.276,547,544
1000,761.267,593,586
1000,747.974,579,572
1000,719.314,540,535
1000,740.344,548,544
1000,751.734,569,564
1000,750.762,579,574
1000,742.352,550,545
1000,730.381,547,541
1000,731.602,538,528
1000,731.471,532,527
1000,752.623,575,574
1000,751.017,558,557
1000,722.071,527,525
1000,729.329,544,541
1000,752.675,572,569
1000,735.427,547,542
1000,737.13,549,545
1000,742.886,566,562
1000,754.671,577,570
1000,724.651,519,515
1000,739.659,569,562
1000,746.759,553,550
1000,729.735,548,548
1000,750.477,565,565
1000,726.871,535,534
1000,744.111,554,553
1000,730.104,537,537
1000,727.991,535,535
1000,724.967,527,526
1000,734.562,544,542
1000,756.551,572,570
1000,747.804,551,551
1000,733.806,558,557
1000,758.612,587,587
1000,733.653,545,545
1000,725.805,527,526
1000,740.862,551,551
1000,727.203,524,524
1000,741.716,561,561
1000,727.119,531,530
1000,740.629,554,554
1000,732.7,536,536
1000,754.045,558,558
1000,736.137,548,546
1000,741.819,562,560
1000,761.966,578,575
1000,757.962,578,575
1000,757.241,577,575
1000,750.005,571,570
1000,749.009,547,547
1000,738.609,549,548
1000,735.138,529,529
1000,746.094,565,565
1000,749.51,566,565
1000,762.991,575,575
1000,744.045,549,549
1000,745.345,564,564
1000,730.252,533,533
1000,742.73,558,558
1000,749.641,565,565
1000,743.163,557,557
1000,731.163,529,529
1000,738.337,543,542
1000,738.249,541,540
1000,756.627,570,567
1000,737.626,556,550
1000,744.866,556,551
1000,745.412,546,538
1000,731.617,538,529
1000,751.694,563,553
1000,738.888,542,531
1000,725.392,534,522
1000,731.994,520,513
1000,767.241,598,592
1000,735.477,536,530
1000,744.917,545,537
1000,733.406,526,518
1000,730.338,544,536
1000,739.658,559,552
1000,742.681,564,558
1000,755.236,565,555
1000,738.1,543,538
1000,748.388,563,555
1000,738.945,545,538
1000,764.852,586,574
1000,735.667,528,516
1000,743.41,554,547
1000,740.579,548,544
1000,736.105,543,539
1000,744.877,548,543
1000,731.452,528,521
1000,736.675,539,533
1000,736.709,538,527
1000,723.587,536,526
1000,747.112,552,543
1000,740.124,545,535
1000,741.86,549,535
1000,741.862,546,536
1000,746.301,570,559
1000,731.734,534,521
1000,718.845,501,491
1000,739.158,553,544
1000,746.276,544,529
1000,751.891,551,532
1000,743.737,529,507
1000,737.831,545,523
1000,757.543,577,558
1000,736.419,538,520
1000,750.935,568,546
1000,739.96,538,525
1000,737.054,539,529
1000,736.883,537,527
1000,721.181,513,506
1000,727.012,542,535
1000,747.045,551,542
1000,740.354,541,530
1000,743.43,542,532
1000,750.385,569,563
1000,736.049,540,533
1000,741.468,547,539
1000,737.762,549,545
1000,746.301,558,551
1000,750.277,556,545
1000,755.952,556,548
1000,745.027,556,550
1000,740.777,556,548
1000,748.104,554,543
1000,731.562,523,518
1000,738.963,543,535
1000,747.18,549,543
1000,733.669,545,535
1000,732.154,527,524
1000,728.706,517,514
1000,740.217,555,549
1000,737.726,540,534
1000,735.266,540,530
1000,733.933,533,525
1000,739.986,545,536
1000,740.74,533,519
1000,750.827,543,530
1000,737.953,557,548
1000,753.255,564,556
1000,727.416,535,530
1000,732.292,518,508
1000,734.857,535,528
1000,730.466,534,527
1000,723.278,516,507
1000,728.123,524,514
1000,733.377,529,517
1000,733.389,539,530
1000,732.326,546,534
1000,745.342,567,556
1000,747.695,570,557
1000,729.341,536,524
1000,731.841,533,525
1000,752.317,558,550
1000,733.548,549,546
1000,734.295,543,540
1000,726.075,545,540
1000,739.56,551,546
1000,735.077,532,531
1000,763.983,575,575
1000,741.789,550,547
1000,739.588,544,540
1000,737.755,555,549
1000,741.267,554,552
1000,737.785,546,544
1000,749.163,570,569
1000,726.232,540,536
1000,734.119,543,538
1000,733.831,535,530
1000,752.585,565,560
1000,752.303,560,558
1000,752.45,571,566
1000,747.234,553,548
1000,737.024,548,539
1000,725.757,523,513
1000,728.146,542,533
1000,734.604,528,523
1000,736.886,549,547
1000,741.935,556,553
1000,748.104,557,556
1000,741.028,547,545
1000,744.64,548,545
1000,755.472,559,556
1000,741.074,557,555
1000,742.731,544,542
1000,738.096,536,535
1000,749.875,556,555
1000,759.521,572,568
1000,741.928,546,545
1000,742.264,533,533
1000,744.567,550,548
1000,723.376,540,536
1000,758.947,564,558
1000,748.128,552,546
1000,753.805,564,557
1000,753.039,575,570
1000,742.645,553,550
1000,739.257,542,541
1000,746.658,554,554
1000,740.13,548,547
1000,733.469,545,544
1000,717.486,526,526
1000,751.553,557,555
1000,736.134,530,529
1000,744.89,557,557
1000,740.827,555,554
1000,729.2,518,517
1000,760.392,571,567
1000,733.63,548,543
1000,767.927,576,570
1000,737.119,540,539
1000,746.317,543,543
1000,741.719,537,537
1000,741.112,546,546
1000,732.468,526,524
1000,736.083,530,529
1000,762.492,573,571
1000,764.377,583,579
1000,755.463,572,563
1000,744.501,549,536
1000,737.743,541,528
1000,745.699,550,537
1000,743.156,546,533
1000,735.702,537,523
1000,740.398,545,532
1000,736.327,538,520
1000,751.476,563,544
1000,738.147,537,522
1000,746.677,557,535
1000,753.29,573,549
1000,761.989,574,547
1000,741.03,545,527
1000,743.865,556,538
1000,744.578,539,526
1000,737.829,544,526
1000,743.06,547,532
1000,740.041,539,523
1000,749.468,559,545
1000,755.896,570,559
1000,757.343,568,558
1000,752.425,558,546
1000,756.582,545,532
1000,746.524,561,552
1000,757.578,556,552
1000,741.806,527,527
1000,738.663,551,551
1000,744.713,548,548
1000,761.669,565,565
1000,735.44,535,534
1000,746.324,557,557
1000,751.371,556,556
1000,738.349,539,539
1000,755.331,560,560
1000,743.262,538,538
1000,736.835,548,548
1000,745.673,558,557
1000,750.694,562,558
1000,759.503,566,560
1000,744.944,553,552
1000,728.128,515,510
1000,749.941,574,570
1000,748.233,548,543
1000,755.364,575,572
1000,741.887,553,548
1000,731.692,533,527
1000,750.078,570,563
1000,758.148,575,568
1000,763.147,586,577
1000,742.358,554,547
1000,745.377,556,544
1000,758.798,574,562
1000,769.046,584,572
1000,740.33,544,532
1000,737.447,535,524
1000,745.918,554,548
1000,746.883,551,546
1000,733.976,545,543
1000,730.77,546,545
1000,746.369,555,553
1000,732.345,534,532
1000,735.86,538,536
1000,753.288,562,559
1000,740.073,536,533
1000,749.88,565,563
1000,734.722,548,547
1000,718.651,524,523
1000,754.415,569,569
1000,752.171,550,548
1000,738.651,543,541
1000,745.111,553,551
1000,769.077,589,586
1000,734.959,534,531
1000,745.889,565,560
1000,727.866,534,530
1000,751.95,551,548
1000,749.756,553,552
1000,748.151,544,541
1000,737.223,541,535
1000,743.145,537,528
1000,743.623,550,537
1000,757.132,561,551
1000,759.557,573,563
1000,746.532,551,544
1000,743.263,547,539
1000,737.393,540,533
1000,745.885,560,552
1000,757.02,570,561
1000,753.887,575,567
1000,745.038,551,546
1000,752.871,562,558
1000,734.583,548,544
1000,747.807,556,550
1000,729.684,511,503
1000,731.69,531,523
1000,732.984,537,526
1000,749.566,550,542
1000,741.214,556,547
1000,712.39,498,489
1000,744.511,557,547
1000,737.17,536,526
1000,756.911,572,560
1000,750.812,574,562
1000,720.416,524,514
1000,735.593,536,523
1000,737.803,551,543
1000,758.88,553,550
1000,750.128,569,562
1000,729.256,525,518
1000,734.907,535,530
1000,728.312,531,527
1000,737.466,551,543
1000,739.204,535,528
1000,738.768,547,542
1000,747.729,564,562
1000,730.731,528,526
1000,745.081,541,536
1000,741.333,558,551
1000,738.887,549,542
1000,745.731,560,558
1000,713.406,528,527
1000,735.953,530,530
1000,730.308,537,535
1000,728.055,527,524
1000,751.074,571,561
1000,742.951,545,534
1000,730.568,534,520
1000,752.55,573,566
1000,739.913,556,552
1000,724.5,520,513
1000,746.867,554,545
1000,742.789,548,536
1000,744.586,543,534
1000,744.886,542,530
1000,755.392,563,553
1000,741.128,540,529
1000,731.857,534,523
1000,756.334,571,559
1000,744.082,552,542
1000,727.853,546,539
1000,753.854,563,558
1000,734.317,537,533
1000,735.524,535,533
1000,726.626,526,523
1000,725.644,529,523
1000,736.867,547,538
1000,742.095,541,534
1000,741.031,568,562
1000,751.005,560,555
1000,744.067,548,541
1000,750.105,571,558
1000,735.999,542,526
1000,747.307,573,561
1000,732.986,540,526
1000,754.305,567,550
1000,753.481,573,550
1000,741.752,540,511
1000,742.522,551,526
1000,723.14,528,505
1000,765.927,582,561
1000,741.544,542,520
1000,738.013,539,523
1000,714.683,519,499
1000,742.99,536,512
1000,739.883,536,514
1000,738.338,532,513
1000,741.543,539,518
1000,739.933,549,529
1000,734.058,547,523
1000,735.65,547,523
1000,740.879,543,515
1000,757.426,564,536
1000,734.678,527,505
1000,732.821,536,516
1000,770.798,589,569
1000,734.306,528,513
1000,734.627,530,519
1000,715.53,496,486
1000,752.26,562,555
1000,736.381,551,544
1000,726.48,537,531
1000,743.121,558,544
1000,759.196,572,558
1000,746.373,557,544
1000,713.682,519,511
1000,735.393,533,529
1000,743.233,553,549
1000,748.133,574,569
1000,756.133,571,569
1000,731.344,524,519
1000,728.777,540,532
1000,733.147,541,538
1000,733.137,536,534
1000,721.989,540,536
1000,752.199,572,570
1000,731.258,533,531
1000,734.469,547,546
1000,731.906,539,536
1000,746.516,550,546
1000,717.368,514,511
1000,743.193,547,545
1000,723.804,535,534
1000,732.242,537,536
1000,732.456,535,533
1000,717.231,537,536
1000,732.706,536,533
1000,731.655,544,544
1000,740.996,540,540
1000,736.969,541,537
1000,731.114,547,543
1000,723.916,533,526
1000,720.159,530,528
1000,724.507,521,518
1000,730.949,540,538
1000,735.016,550,547
1000,716.763,533,529
1000,738.873,549,545
1000,739.278,560,555
1000,728.526,535,531
1000,728.062,534,532
1000,730.989,548,548
1000,742.263,563,562
1000,732.661,544,544
1000,732.778,550,549
1000,745.212,571,570
1000,737.008,550,548
1000,745.316,558,557
1000,734.681,531,529
1000,736.013,550,545
1000,718.574,533,528
1000,744.504,553,548
1000,737.067,553,546
1000,734.912,564,559
1000,717.538,520,514
1000,722.682,521,512
1000,717.94,534,529
1000,716.399,512,504
1000,740.388,545,535
1000,732.99,552,541
1000,737.206,547,539
1000,737.568,543,537
1000,748.844,573,564
1000,733.822,548,539
1000,746.696,568,561
1000,748.187,571,564
1000,741.677,573,559
1000,744.837,569,557
1000,748.662,573,564
1000,720.111,518,515
1000,721.103,528,523
1000,729.502,546,543
1000,732.011,549,544
1000,743.912,554,546
1000,747.567,578,574
1000,730.903,543,541
1000,757.429,588,587
1000,726.969,544,539
1000,747.658,563,559
1000,715.667,523,521
1000,723.076,509,509
1000,752.579,568,568
1000,739.8,557,557
1000,728.594,544,544
1000,732.599,540,540
1000,751.53,568,565
1000,740.636,564,560
1000,739.274,555,549
1000,718.67,525,515
1000,725.188,539,529
1000,741.749,568,556
1000,746.276,566,557
1000,754.644,580,571
1000,743.015,562,555
1000,738.947,564,556
1000,746.494,566,559
1000,724.467,530,525
1000,745.806,558,550
1000,727.658,548,544
1000,755.932,583,579
1000,729.402,540,535
1000,731.379,545,543
1000,746.2,561,561
1000,745.792,569,567
1000,730.173,543,540
1000,721.446,532,529
1000,727.202,532,526
1000,749.042,568,562
1000,723.812,537,535
1000,742.95,560,557
1000,725.542,537,533
1000,739.088,545,541
1000,736.478,548,546
1000,734.04,552,551
1000,725.628,543,542
1000,742.187,567,565
1000,746.613,573,569
1000,750.126,564,559
1000,734.411,550,545
1000,737.943,551,545
1000,752.155,557,552
1000,737.256,553,545
1000,742.785,548,536
1000,733.8,549,541
1000,735.273,553,543
1000,749.968,574,571
1000,744.78,553,547
1000,731.48,531,528
1000,740.483,549,546
1000,756.895,564,561
1000,741.101,550,546
1000,745.559,553,547
1000,733.783,544,538
1000,734.165,541,533
1000,742.031,561,551
1000,732.624,543,530
1000,736.573,555,543
1000,737.45,545,539
1000,741.445,541,534
1000,720.432,513,506
1000,759.195,579,565
1000,742.474,552,539
1000,741.08,547,536
1000,736.641,547,534
1000,744.146,552,545
1000,731.453,544,540
1000,723.306,523,516
1000,747.476,563,554
1000,732.678,537,525
1000,749.746,561,550
1000,746.381,576,567
1000,743.206,559,552
1000,732.938,536,533
1000,733.737,552,550
1000,722.088,522,518
1000,724.728,517,513
1000,728.699,533,526
1000,731.465,540,531
1000,749.444,569,562
1000,725.093,529,524
1000,725.667,533,520
1000,748.574,581,566
1000,747.053,561,549
1000,735.637,554,546
1000,736.819,550,544
1000,742.212,551,537
1000,733.135,536,513
1000,730.165,532,514
1000,744.506,547,524
1000,738.641,549,530
1000,743.564,558,542
1000,745.78,557,536
1000,740.622,554,534
1000,740.331,560,540
1000,728.66,531,505
1000,737.927,555,532
1000,734.053,556,530
1000,734.203,548,523
1000,737.271,551,522
1000,760.25,567,532
1000,743.335,558,531
1000,739.913,561,543
1000,745.824,551,538
1000,735.537,544,532
1000,720.761,535,526
1000,722.317,540,531
1000,739.813,556,546
1000,751.982,562,552
1000,736.807,547,539
1000,736.812,558,551
1000,745.157,565,563
1000,717.977,531,529
1000,722.406,538,528
1000,746.976,555,541
1000,736.353,560,539
1000,716.986,538,518
1000,758.077,583,559
1000,736.411,552,525
1000,746.999,568,540
1000,739.036,539,510
1000,745.655,569,529
1000,730.551,532,498
1000,744.693,563,520
1000,731.173,538,495
1000,728.588,554,520
1000,742.514,552,516
1000,739.678,545,514
1000,739.413,556,525
1000,747.72,556,526
1000,726.379,530,492
1000,728.084,530,489
1000,722.219,548,501
1000,735.098,543,494
1000,721.101,534,494
1000,727.926,544,515
1000,746.008,579,551
1000,731.572,548,514
1000,735.409,540,515
1000,734.955,541,517
1000,736.435,551,526
1000,733.443,559,531
1000,723.212,540,518
1000,741.065,555,534
1000,732.45,544,527
1000,737.528,544,528
1000,747.792,559,541
1000,712.995,515,502
1000,734.062,535,519
1000,713.955,538,529
1000,721.454,537,532
1000,755.796,577,568
1000,737.798,570,561
1000,732.183,559,547
1000,736.165,555,543
1000,735.185,559,547
1000,742.414,571,562
1000,727.176,544,537
1000,745.207,577,568
1000,717.413,533,522
1000,739.33,561,546
1000,753.288,580,566
1000,720.678,547,537
1000,738.096,558,548
1000,733.975,552,542
1000,724.339,524,515
1000,732.001,553,543
1000,738.865,553,546
1000,728.669,534,524
1000,725.896,536,528
1000,741.858,565,553
1000,741.25,548,541
1000,723.176,532,528
1000,754.144,570,567
1000,746.473,588,585
1000,741.578,564,561
1000,729.701,552,550
1000,735.989,558,555
1000,734.873,559,552
1000,728.595,535,527
1000,743.969,574,568
1000,753.517,589,581
1000,724.214,548,540
1000,735.784,563,558
1000,712.057,517,508
1000,723.93,527,519
1000,723.238,537,533
1000,741.987,556,552
1000,733.277,573,571
1000,742.237,565,561
1000,719.766,525,520
1000,726.278,551,546
1000,734.815,544,537
1000,743.072,556,545
1000,729.745,555,546
1000,742.073,553,543
1000,767.48,594,586
1000,727.522,552,544
1000,741.08,563,554
1000,727.274,552,542
1000,748.485,556,548
1000,728.454,525,518
1000,735.95,548,533
1000,753.183,589,572
1000,744.783,573,555
1000,761.593,587,568
1000,742.325,564,544
1000,731.766,533,519
1000,746.824,588,570
1000,738.059,561,540
1000,731.615,546,535
1000,741.87,567,555
1000,733.808,539,524
1000,737.853,565,548
1000,749.887,570,560
1000,757.265,583,570
1000,760.646,583,564
1000,732.271,530,513
1000,736.271,549,531
1000,761.582,572,549
1000,749.732,551,523
1000,743.894,546,524
1000,740.437,556,530
1000,734.399,552,524
1000,747.761,559,523
1000,748.091,567,537
1000,731.291,547,515
1000,735.111,546,509
1000,743.698,560,524
1000,774.202,597,560
1000,738.322,557,523
1000,732.105,559,515
1000,744.194,575,537
1000,757.767,580,544
1000,748.297,579,537
1000,729.145,540,511
1000,756.177,580,549
1000,738.056,558,521
1000,747.416,558,524
1000,741.449,576,547
1000,751.102,585,552
1000,745.249,576,541
1000,743.656,576,534
1000,731.481,548,512
1000,742.35,566,534
1000,743.769,570,535
1000,746.735,565,530
1000,744.112,551,521
1000,751.243,569,541
1000,735.226,552,517
1000,746.925,559,531
1000,752.305,570,539
1000,744.82,571,520
1000,717.794,520,482
1000,748.14,566,519
1000,738.795,558,511
1000,747.037,566,519
1000,708.42,518,482
1000,732.944,555,515
1000,752.107,558,528
1000,751.137,560,527
1000,749.047,580,557
1000,708.728,523,507
1000,715.221,529,509
1000,727.785,521,495
1000,740.134,574,543
1000,749.364,574,538
1000,714.894,523,483
1000,727.322,537,501
1000,732.758,550,506
1000,714.475,526,482
1000,734.571,562,513
1000,721.514,538,485
1000,715.694,536,489
1000,748.757,573,526
1000,732.357,549,512
1000,727.343,530,497
1000,745.641,568,539
1000,752.057,574,544
1000,746.393,556,524
1000,744.072,571,537
1000,750.111,566,533
1000,743.439,552,521
1000,747.092,551,527
1000,746.129,553,530
1000,736.887,551,528
1000,737.699,551,528
1000,729.703,535,511
1000,762.475,584,554
1000,764.427,579,556
1000,738.486,563,543
1000,731.117,539,509
1000,747.286,566,529
1000,728.551,529,495
1000,770.442,582,544
1000,749.175,574,539
1000,730.031,553,522
1000,755.382,577,543
1000,744.381,561,538
1000,740.113,539,518
1000,727.143,550,526
1000,747.821,571,536
1000,758.276,584,544
1000,758.105,566,533
1000,733.661,555,520
1000,735.259,546,509
1000,721.945,536,502
1000,724.572,544,510
1000,728.367,534,507
1000,757.343,574,544
1000,721.342,543,517
1000,731.374,538,514
1000,732.362,543,521
1000,738.098,549,530
1000,748.268,562,544
1000,738.901,551,528
1000,742.104,549,530
1000,753.732,574,548
1000,752.043,574,549
1000,749.132,553,530
1000,742.014,565,542
1000,743.329,545,522
1000,729.166,537,504
1000,760.922,585,555
1000,741.239,554,524
1000,751.711,573,544
1000,733.754,544,516
1000,728.414,534,508
1000,749.118,571,542
1000,736.945,548,524
1000,734.091,550,526
1000,742.248,568,545
1000,735.747,547,525
1000,743.929,562,539
1000,736.335,536,513
1000,735.566,555,529
1000,741.596,569,541
1000,731.146,556,535
1000,741.002,557,540
1000,747.363,566,547
1000,737.676,556,539
1000,735.904,561,547
1000,754.545,577,553
1000,748.121,570,553
1000,731.296,552,531
1000,723.166,544,527
1000,729.809,546,531
1000,735.27,558,544
1000,730.939,538,526
1000,740.608,554,539
1000,748.16,562,545
1000,737.841,549,528
1000,746.952,544,517
1000,747.909,565,540
1000,714.751,520,502
1000,747.132,574,551
1000,745.646,553,540
1000,740.643,567,557
1000,737.304,540,527
1000,726.45,522,512
1000,734.064,536,527
1000,730.154,542,534
1000,731.243,538,528
1000,757.515,579,565
1000,735.589,551,538
1000,733.596,545,529
1000,740.965,556,541
1000,739.592,552,543
1000,732.138,543,535
1000,732.303,547,540
1000,728.687,539,530
1000,755.323,568,564
1000,731.967,546,538
1000,745.163,561,555
1000,720.695,531,525
1000,722.877,522,516
1000,737.438,553,552
1000,727.536,527,525
1000,722.293,524,523
1000,746.664,556,555
1000,731.711,543,543
1000,735.708,538,538
1000,759.041,579,578
1000,755.952,570,569
1000,749.797,572,572
1000,749.319,566,566
1000,744.381,552,551
1000,726.135,530,530
1000,741.019,535,535
1000,752.418,561,561
1000,746.719,556,556
1000,750.239,568,567
1000,721.226,530,530
1000,747.025,568,568
1000,753.847,564,563
1000,729.508,531,531
1000,739.305,553,553
1000,742.289,555,555
1000,753.809,573,572
1000,744.097,549,549
1000,748.653,564,564
1000,727.108,533,532
1000,747.734,558,558
1000,735.755,548,547
1000,739.027,551,549
1000,734.976,539,531
1000,762.938,596,589
1000,759.865,586,577
1000,753.161,585,576
1000,737.234,551,544
1000,739.024,542,538
1000,752.328,573,572
1000,733.583,554,552
1000,740.744,557,556
1000,757.639,581,579
1000,740.116,546,544
1000,748.395,559,555
1000,739.482,547,546
1000,746.063,560,559
1000,762.612,582,582
1000,732.834,544,544
1000,745.077,558,557
1000,729.088,533,533
1000,744.437,560,560
1000,758.464,569,569
1000,752.755,576,576
1000,734.172,537,536
1000,739.349,549,547
1000,740.042,543,541
1000,757.33,584,584
1000,761.439,575,575
1000,750.793,557,557
1000,731.534,541,541
1000,764.369,582,582
1000,754.564,566,565
1000,735.918,556,556
1000,736.235,557,556
1000,763.296,580,577
1000,722.099,516,513
1000,753.646,579,575
1000,733.984,548,543
1000,745.271,563,560
1000,746.823,571,568
1000,743.982,577,575
1000,731.44,532,530
1000,746.369,569,568
1000,757.159,571,569
1000,741.137,556,553
1000,738.379,546,542
1000,730.28,539,534
1000,748.608,568,563
1000,743.175,546,540
1000,752.43,574,569
1000,725.225,543,536
1000,744.188,562,555
1000,744.015,564,557
1000,750.109,559,555
1000,748.303,573,570
1000,738.159,547,541
1000,731.03,537,533
1000,740.984,559,552
1000,738.691,554,546
1000,739.862,556,546
